Workbook

Sheet Workforce
A1: Agent Name | B1: Position | C1: Start Date
A2: Ben Arthur | B2: Full-Time
A3: Jimmy Pearson | B3: Full-Time
A4: Kaity James | B4: Part-Time | C4: 46262
A5: Selene Myles | B5: Full-Time
A6: Mohamed | B6: Full-Time
A7: Malak El Khateeb | B7: Full-Time
A8: Caroline Richards | B8: Full-Time
A9: Rick Nelson | B9: Full-Time
A10: Nora Atkins | B10: Full-Time
A11: Jasmine Green | B11: Full-Time

Sheet Attendance
A1: Month | B1: =iferror(concatenate(" Enter ", 'Attendance key'!$B$6, " for ",'Attendance key'!$C$6, ", ", 'Attendance key'!$B$7, " for ", 'Attendance key'!$C$7, ", ", 'Attendance key'!$B$8, " for ", 'Attendance key'!$C$8, ", and ", 'Attendance key'!$B$9, " for ", 'Attendance key'!$C$9, ". Use the 'Attendance key' tab to customize. "),"")
A2: Date | B2: 46019 | C2: =B2+1 -> 46020 | D2: =C2+1 -> 46021 | E2: =D2+1 -> 46022 | F2: =E2+1 -> 46023 | G2: =F2+1 -> 46024 | H2: =G2+1 -> 46025 | I2: =H2+1 -> 46026 | J2: =I2+1 -> 46027 | ... AF2: =AE2+1 -> 46049 | AH2: Present | AI2: Late | AK2: Off | AN2: Double paid | AO2: Absent | AP2: N.S.N.C. | AQ2: Training | AR2: Spiffs | AT2: Deductions
A3: Day | B3: =B2 -> 46019 | C3: =C2 -> 46020 | D3: =D2 -> 46021 | E3: =E2 -> 46022 | F3: =F2 -> 46023 | G3: =G2 -> 46024 | H3: =H2 -> 46025 | I3: =I2 -> 46026 | ... AG3: =AG2 | AH3: P | AI3: L1 | AJ3: L2 | AK3: Q | AL3: H | AM3: Off | AN3: D | AO3: A | AP3: N | AQ3: T | AR3: All | AS3: Paid
A4: =Workforce!A2 -> Ben Arthur | B4: Off | C4: Off | D4: Off | E4: Off | F4: Off | G4: Off | H4: Off | I4: Off | J4: H | K4: H | L4: P | M4: H | N4: P | O4: Off | P4: Off | Q4: P | R4: H | S4: P | T4: P | U4: P | V4: Off | W4: Off | X4: P | Y4: H | Z4: P | AA4: H | AB4: P | AC4: Off | AD4: Off | AE4: L2 | AF4: P | AH4: =(countif(B4:AG4,AH$3))+AI4+AJ4+(AL4*0.5)+(AK4*0.75) -> 14 | AI4: =countif(B4:AG4,$AI$3) -> 0 | AJ4: =countif(B4:AG4,AJ$3) -> 1 | AK4: =countif(B4:AG4,AK$3) -> 0 | AL4: =countif(B4:AG4,AL$3) -> 6 | AM4: =countif(B4:AG4,$AM$3) -> 14 | AN4: =countif(B4:AG4,AN$3) -> 0 | AO4: =(countif(B4:AL4,"A")) -> 0 | AP4: =countif(B4:AO4,AP$3) -> 0 | AQ4: =countif(B4:AP4,AQ$3) -> 0 | AR4: =SUMIF('Spiffs & Deductions'!A$3:A1005,A4,'Spiffs & Deductions'!B$3:B1005) -> 0 | AS4: =SUMIFs('Spiffs & Deductions'!B$3:B1005,'Spiffs & Deductions'!A$3:A1005,A4,'Spiffs & Deductions'!C$3:C1005,$AS$3) -> 0 | AT4: =SUMIF('Spiffs & Deductions'!H$4:H1005,A4,'Spiffs & Deductions'!I$4:I1005) -> 0
A5: =Workforce!A3 -> Jimmy Pearson | B5: Off | C5: Off | D5: Off | E5: Off | F5: Off | G5: Off | H5: Off | I5: Off | J5: P | K5: P | L5: P | M5: P | N5: P | O5: Off | P5: Off | Q5: P | R5: P | S5: P | T5: P | U5: P | V5: Off | W5: Off | X5: P | Y5: P | Z5: P | AA5: P | AB5: P | AC5: Off | AD5: Off | AE5: P | AF5: P | AH5: =(countif(B5:AG5,AH$3))+AI5+AJ5+(AL5*0.5)+(AK5*0.75) -> 17 | AI5: =countif(B5:AG5,$AI$3) -> 0 | AJ5: =countif(B5:AG5,AJ$3) -> 0 | AK5: =countif(B5:AG5,AK$3) -> 0 | AL5: =countif(B5:AG5,AL$3) -> 0 | AM5: =countif(B5:AG5,$AM$3) -> 14 | AN5: =countif(B5:AG5,AN$3) -> 0 | AO5: =(countif(B5:AL5,"A")) -> 0 | AP5: =countif(B5:AO5,AP$3) -> 0 | AQ5: =countif(B5:AP5,AQ$3) -> 0 | AR5: =SUMIF('Spiffs & Deductions'!A$3:A1005,A5,'Spiffs & Deductions'!B$3:B1005) -> 0 | AS5: =SUMIFs('Spiffs & Deductions'!B$3:B1005,'Spiffs & Deductions'!A$3:A1005,A5,'Spiffs & Deductions'!C$3:C1005,$AS$3) -> 0 | AT5: =SUMIF('Spiffs & Deductions'!H$4:H1005,A5,'Spiffs & Deductions'!I$4:I1005) -> 0
A6: =Workforce!A4 -> Kaity James | B6: Off | C6: Off | D6: Off | E6: Off | F6: Off | G6: Off | H6: Off | I6: Off | J6: P | K6: P | L6: P | M6: P | N6: P | O6: Off | P6: Off | Q6: P | R6: P | S6: P | T6: Q | U6: P | V6: Off | W6: Off | X6: P | Y6: P | Z6: P | AA6: P | AB6: P | AC6: Off | AD6: Off | AE6: P | AF6: P | AH6: =(countif(B6:AG6,AH$3))+AI6+AJ6+(AL6*0.5)+(AK6*0.75) -> 16.75 | AI6: =countif(B6:AG6,$AI$3) -> 0 | AJ6: =countif(B6:AG6,AJ$3) -> 0 | AK6: =countif(B6:AG6,AK$3) -> 1 | AL6: =countif(B6:AG6,AL$3) -> 0 | AM6: =countif(B6:AG6,$AM$3) -> 14 | AN6: =countif(B6:AG6,AN$3) -> 0 | AO6: =(countif(B6:AL6,"A")) -> 0 | AP6: =countif(B6:AO6,AP$3) -> 0 | AQ6: =countif(B6:AP6,AQ$3) -> 0 | AR6: =SUMIF('Spiffs & Deductions'!A$3:A1005,A6,'Spiffs & Deductions'!B$3:B1005) -> 0 | AS6: =SUMIFs('Spiffs & Deductions'!B$3:B1005,'Spiffs & Deductions'!A$3:A1005,A6,'Spiffs & Deductions'!C$3:C1005,$AS$3) -> 0 | AT6: =SUMIF('Spiffs & Deductions'!H$4:H1005,A6,'Spiffs & Deductions'!I$4:I1005) -> 0
A7: =Workforce!A5 -> Selene Myles | B7: Off | C7: Off | D7: Off | E7: Off | F7: Off | G7: Off | H7: Off | I7: Off | J7: P | K7: P | L7: P | M7: P | N7: P | O7: Off | P7: Off | Q7: P | R7: P | S7: P | T7: P | U7: P | V7: Off | W7: Off | X7: P | Y7: P | Z7: P | AA7: P | AB7: P | AC7: Off | AD7: Off | AE7: P | AF7: P | AH7: =(countif(B7:AG7,AH$3))+AI7+AJ7+(AL7*0.5)+(AK7*0.75) -> 17 | AI7: =countif(B7:AG7,$AI$3) -> 0 | AJ7: =countif(B7:AG7,AJ$3) -> 0 | AK7: =countif(B7:AG7,AK$3) -> 0 | AL7: =countif(B7:AG7,AL$3) -> 0 | AM7: =countif(B7:AG7,$AM$3) -> 14 | AN7: =countif(B7:AG7,AN$3) -> 0 | AO7: =(countif(B7:AL7,"A")) -> 0 | AP7: =countif(B7:AO7,AP$3) -> 0 | AQ7: =countif(B7:AP7,AQ$3) -> 0 | AR7: =SUMIF('Spiffs & Deductions'!A$3:A1005,A7,'Spiffs & Deductions'!B$3:B1005) -> 0 | AS7: =SUMIFs('Spiffs & Deductions'!B$3:B1005,'Spiffs & Deductions'!A$3:A1005,A7,'Spiffs & Deductions'!C$3:C1005,$AS$3) -> 0 | AT7: =SUMIF('Spiffs & Deductions'!H$4:H1005,A7,'Spiffs & Deductions'!I$4:I1005) -> 0
A8: =Workforce!A6 -> Mohamed | B8: Off | C8: Off | D8: Off | E8: Off | F8: Off | G8: Off | H8: Off | I8: Off | J8: P | K8: P | L8: P | M8: P | N8: P | O8: Off | P8: Off | Q8: P | R8: P | S8: P | T8: P | U8: P | V8: Off | W8: Off | X8: P | Y8: P | Z8: P | AA8: P | AB8: P | AC8: Off | AD8: Off | AE8: P | AF8: P | AH8: =(countif(B8:AG8,AH$3))+AI8+AJ8+(AL8*0.5)+(AK8*0.75) -> 17 | AI8: =countif(B8:AG8,$AI$3) -> 0 | AJ8: =countif(B8:AG8,AJ$3) -> 0 | AK8: =countif(B8:AG8,AK$3) -> 0 | AL8: =countif(B8:AG8,AL$3) -> 0 | AM8: =countif(B8:AG8,$AM$3) -> 14 | AN8: =countif(B8:AG8,AN$3) -> 0 | AO8: =(countif(B8:AL8,"A")) -> 0 | AP8: =countif(B8:AO8,AP$3) -> 0 | AQ8: =countif(B8:AP8,AQ$3) -> 0 | AR8: 200 | AS8: =SUMIFs('Spiffs & Deductions'!B$3:B1005,'Spiffs & Deductions'!A$3:A1005,A8,'Spiffs & Deductions'!C$3:C1005,$AS$3) -> 0 | AT8: =SUMIF('Spiffs & Deductions'!H$4:H1005,A8,'Spiffs & Deductions'!I$4:I1005) -> 0
A9: =Workforce!A7 -> Malak El Khateeb | B9: Off | C9: Off | D9: Off | E9: Off | F9: Off | G9: Off | H9: Off | I9: Off | J9: P | K9: P | L9: P | M9: P | N9: P | O9: Off | P9: Off | Q9: P | R9: P | S9: P | T9: P | U9: P | V9: Off | W9: Off | X9: P | Y9: P | Z9: P | AA9: P | AB9: P | AC9: Off | AD9: Off | AE9: P | AF9: P | AH9: =(countif(B9:AG9,AH$3))+AI9+AJ9+(AL9*0.5)+(AK9*0.75) -> 17 | AI9: =countif(B9:AG9,$AI$3) -> 0 | AJ9: =countif(B9:AG9,AJ$3) -> 0 | AK9: =countif(B9:AG9,AK$3) -> 0 | AL9: =countif(B9:AG9,AL$3) -> 0 | AM9: =countif(B9:AG9,$AM$3) -> 14 | AN9: =countif(B9:AG9,AN$3) -> 0 | AO9: =(countif(B9:AL9,"A")) -> 0 | AP9: =countif(B9:AO9,AP$3) -> 0 | AQ9: =countif(B9:AP9,AQ$3) -> 0 | AR9: 100 | AS9: =SUMIFs('Spiffs & Deductions'!B$3:B1005,'Spiffs & Deductions'!A$3:A1005,A9,'Spiffs & Deductions'!C$3:C1005,$AS$3) -> 0 | AT9: =SUMIF('Spiffs & Deductions'!H$4:H1005,A9,'Spiffs & Deductions'!I$4:I1005) -> 0
A10: =Workforce!A8 -> Caroline Richards | AH10: =(countif(B10:AG10,AH$3))+AI10+AJ10+(AL10*0.5)+(AK10*0.75) -> 0 | AI10: =countif(B10:AG10,$AI$3) -> 0 | AJ10: =countif(B10:AG10,AJ$3) -> 0 | AK10: =countif(B10:AG10,AK$3) -> 0 | AL10: =countif(B10:AG10,AL$3) -> 0 | AM10: =countif(B10:AG10,$AM$3) -> 0 | AN10: =countif(B10:AG10,AN$3) -> 0 | AO10: =(countif(B10:AL10,"A")) -> 0 | AP10: =countif(B10:AO10,AP$3) -> 0 | AQ10: =countif(B10:AP10,AQ$3) -> 0 | AR10: =SUMIF('Spiffs & Deductions'!A$3:A1005,A10,'Spiffs & Deductions'!B$3:B1005) -> 0 | AS10: =SUMIFs('Spiffs & Deductions'!B$3:B1005,'Spiffs & Deductions'!A$3:A1005,A10,'Spiffs & Deductions'!C$3:C1005,$AS$3) -> 0 | AT10: =SUMIF('Spiffs & Deductions'!H$4:H1005,A10,'Spiffs & Deductions'!I$4:I1005) -> 0
A11: Month | B11: =iferror(concatenate(" Enter ", 'Attendance key'!$B$6, " for ",'Attendance key'!$C$6, ", ", 'Attendance key'!$B$7, " for ", 'Attendance key'!$C$7, ", ", 'Attendance key'!$B$8, " for ", 'Attendance key'!$C$8, ", and ", 'Attendance key'!$B$9, " for ", 'Attendance key'!$C$9, ". Use the 'Attendance key' tab to customize. "),"") | AH11: =(countif(B11:AG11,AH$3))+AI11+AJ11+(AL11*0.5)+(AK11*0.75) -> 0 | AI11: =countif(B11:AG11,$AI$3) -> 0 | AJ11: =countif(B11:AG11,AJ$3) -> 0 | AK11: =countif(B11:AG11,AK$3) -> 0 | AL11: =countif(B11:AG11,AL$3) -> 0 | AM11: =countif(B11:AG11,$AM$3) -> 0 | AN11: =countif(B11:AG11,AN$3) -> 0 | AO11: =(countif(B11:AL11,"A")) -> 0 | AP11: =countif(B11:AO11,AP$3) -> 0 | AQ11: =countif(B11:AP11,AQ$3) -> 0 | AR11: =SUMIF('Spiffs & Deductions'!A$3:A1005,A11,'Spiffs & Deductions'!B$3:B1005) -> 0 | AS11: =SUMIFs('Spiffs & Deductions'!B$3:B1005,'Spiffs & Deductions'!A$3:A1005,A11,'Spiffs & Deductions'!C$3:C1005,$AS$3) -> 0 | AT11: =SUMIF('Spiffs & Deductions'!H$4:H1005,A11,'Spiffs & Deductions'!I$4:I1005) -> 0
A12: Date | B12: 46050 | C12: =B12+1 -> 46051 | D12: =C12+1 -> 46052 | E12: =D12+1 -> 46053 | F12: =E12+1 -> 46054 | G12: =F12+1 -> 46055 | H12: =G12+1 -> 46056 | I12: =H12+1 -> 46057 | J12: =I12+1 -> 46058 | ... AF12: =AE12+1 -> 46080 | AH12: Present | AI12: Late | AK12: Off | AN12: Double paid | AO12: Absent | AP12: N.S.N.C. | AQ12: Training | AR12: Spiffs | AT12: Deductions
A13: Day | B13: =B12 -> 46050 | C13: =C12 -> 46051 | D13: =D12 -> 46052 | E13: =E12 -> 46053 | F13: =F12 -> 46054 | G13: =G12 -> 46055 | H13: =H12 -> 46056 | I13: =I12 -> 46057 | ... AF13: =AF12 -> 46080 | AH13: P | AI13: L1 | AJ13: L2 | AK13: Q | AL13: H | AM13: Off | AN13: D | AO13: A | AP13: N | AQ13: T | AR13: All | AS13: Paid
A14: Ben Arthur | B14: P | C14: P | D14: P | E14: Off | F14: Off | G14: P | H14: P | I14: P | J14: P | K14: P | L14: Off | M14: Off | N14: P | O14: P | P14: A | Q14: P | R14: P | S14: Off | T14: Off | U14: P | V14: L1 | W14: P | X14: Off | Y14: P | Z14: Off | AA14: Off | AB14: A | AC14: P | AD14: P | AE14: P | AF14: P | AH14: =(countif(B14:AG14,AH$3))+AI14+AJ14+(AL14*0.5)+(AK14*0.75) -> 20 | AI14: =countif(B14:AG14,$AI$3) -> 1 | AJ14: =countif(B14:AG14,AJ$3) -> 0 | AK14: =countif(B14:AG14,AK$3) -> 0 | AL14: =countif(B14:AG14,AL$3) -> 0 | AM14: =countif(B14:AG14,$AM$3) -> 9 | AN14: =countif(B14:AG14,AN$3) -> 0 | AO14: =(countif(B14:AL14,"A")) -> 2 | AP14: =countif(B14:AO14,AP$3) -> 0 | AQ14: =countif(B14:AP14,AQ$3) -> 0 | AR14: =SUMIF('Spiffs & Deductions'!A$3:A1005,A14,'Spiffs & Deductions'!B$3:B1005) -> 0 | AS14: =SUMIFs('Spiffs & Deductions'!B$3:B1005,'Spiffs & Deductions'!A$3:A1005,A14,'Spiffs & Deductions'!C$3:C1005,$AS$3) -> 0 | AT14: =SUMIF('Spiffs & Deductions'!H$4:H1005,A14,'Spiffs & Deductions'!I$4:I1005) -> 0
A15: Jimmy Pearson | B15: P | C15: P | D15: P | E15: Off | F15: Off | G15: P | H15: P | I15: P | J15: P | K15: P | L15: Off | M15: Off | N15: P | O15: P | P15: P | Q15: P | R15: P | S15: Off | T15: Off | U15: P | V15: P | W15: P | X15: Off | Y15: P | Z15: Off | AA15: Off | AB15: P | AC15: P | AD15: P | AE15: L2 | AF15: P | AH15: =(countif(B15:AG15,AH$3))+AI15+AJ15+(AL15*0.5)+(AK15*0.75) -> 22 | AI15: =countif(B15:AG15,$AI$3) -> 0 | AJ15: =countif(B15:AG15,AJ$3) -> 1 | AK15: =countif(B15:AG15,AK$3) -> 0 | AL15: =countif(B15:AG15,AL$3) -> 0 | AM15: =countif(B15:AG15,$AM$3) -> 9 | AN15: =countif(B15:AG15,AN$3) -> 0 | AO15: =(countif(B15:AL15,"A")) -> 0 | AP15: =countif(B15:AO15,AP$3) -> 0 | AQ15: =countif(B15:AP15,AQ$3) -> 0 | AR15: =SUMIF('Spiffs & Deductions'!A$3:A1005,A15,'Spiffs & Deductions'!B$3:B1005) -> 0 | AS15: =SUMIFs('Spiffs & Deductions'!B$3:B1005,'Spiffs & Deductions'!A$3:A1005,A15,'Spiffs & Deductions'!C$3:C1005,$AS$3) -> 0 | AT15: =SUMIF('Spiffs & Deductions'!H$4:H1005,A15,'Spiffs & Deductions'!I$4:I1005) -> 0
A16: Kaity James | B16: P | C16: P | D16: P | E16: Off | F16: Off | G16: P | H16: P | I16: P | J16: P | K16: P | L16: Off | M16: Off | N16: P | O16: P | P16: P | Q16: P | R16: P | S16: Off | T16: Off | U16: A | V16: A | W16: P | X16: Off | Y16: P | Z16: Off | AA16: Off | AB16: P | AC16: P | AD16: P | AE16: P | AF16: P | AH16: =(countif(B16:AG16,AH$3))+AI16+AJ16+(AL16*0.5)+(AK16*0.75) -> 20 | AI16: =countif(B16:AG16,$AI$3) -> 0 | AJ16: =countif(B16:AG16,AJ$3) -> 0 | AK16: =countif(B16:AG16,AK$3) -> 0 | AL16: =countif(B16:AG16,AL$3) -> 0 | AM16: =countif(B16:AG16,$AM$3) -> 9 | AN16: =countif(B16:AG16,AN$3) -> 0 | AO16: =(countif(B16:AL16,"A")) -> 2 | AP16: =countif(B16:AO16,AP$3) -> 0 | AQ16: =countif(B16:AP16,AQ$3) -> 0 | AR16: =SUMIF('Spiffs & Deductions'!A$3:A1005,A16,'Spiffs & Deductions'!B$3:B1005) -> 0 | AS16: =SUMIFs('Spiffs & Deductions'!B$3:B1005,'Spiffs & Deductions'!A$3:A1005,A16,'Spiffs & Deductions'!C$3:C1005,$AS$3) -> 0 | AT16: =SUMIF('Spiffs & Deductions'!H$4:H1005,A16,'Spiffs & Deductions'!I$4:I1005) -> 0
A17: Selene Myles | B17: P | C17: P | D17: P | E17: Off | F17: Off | G17: P | H17: P | I17: P | J17: P | K17: P | L17: Off | M17: Off | N17: P | O17: P | P17: P | Q17: P | R17: P | S17: Off | T17: Off | U17: A | V17: A | W17: P | X17: Off | Y17: P | Z17: Off | AA17: Off | AB17: P | AC17: P | AD17: P | AE17: P | AF17: P | AH17: =(countif(B17:AG17,AH$3))+AI17+AJ17+(AL17*0.5)+(AK17*0.75) -> 20 | AI17: =countif(B17:AG17,$AI$3) -> 0 | AJ17: =countif(B17:AG17,AJ$3) -> 0 | AK17: =countif(B17:AG17,AK$3) -> 0 | AL17: =countif(B17:AG17,AL$3) -> 0 | AM17: =countif(B17:AG17,$AM$3) -> 9 | AN17: =countif(B17:AG17,AN$3) -> 0 | AO17: =(countif(B17:AL17,"A")) -> 2 | AP17: =countif(B17:AO17,AP$3) -> 0 | AQ17: =countif(B17:AP17,AQ$3) -> 0 | AR17: =SUMIF('Spiffs & Deductions'!A$3:A1005,A17,'Spiffs & Deductions'!B$3:B1005) -> 0 | AS17: =SUMIFs('Spiffs & Deductions'!B$3:B1005,'Spiffs & Deductions'!A$3:A1005,A17,'Spiffs & Deductions'!C$3:C1005,$AS$3) -> 0 | AT17: =SUMIF('Spiffs & Deductions'!H$4:H1005,A17,'Spiffs & Deductions'!I$4:I1005) -> 0
A18: Mohamed | B18: P | C18: P | D18: P | E18: Off | F18: Off | G18: P | H18: P | I18: P | J18: P | K18: P | L18: Off | M18: Off | N18: P | O18: P | P18: P | Q18: P | R18: P | S18: Off | T18: Off | U18: P | V18: P | W18: P | X18: P | Y18: P | Z18: Off | AA18: Off | AB18: P | AC18: P | AD18: P | AE18: P | AF18: P | AH18: =(countif(B18:AG18,AH$3))+AI18+AJ18+(AL18*0.5)+(AK18*0.75) -> 23 | AI18: =countif(B18:AG18,$AI$3) -> 0 | AJ18: =countif(B18:AG18,AJ$3) -> 0 | AK18: =countif(B18:AG18,AK$3) -> 0 | AL18: =countif(B18:AG18,AL$3) -> 0 | AM18: =countif(B18:AG18,$AM$3) -> 8 | AN18: =countif(B18:AG18,AN$3) -> 0 | AO18: =(countif(B18:AL18,"A")) -> 0 | AP18: =countif(B18:AO18,AP$3) -> 0 | AQ18: =countif(B18:AP18,AQ$3) -> 0 | AR18: =SUMIF('Spiffs & Deductions'!A$3:A1005,A18,'Spiffs & Deductions'!B$3:B1005) -> 0 | AS18: =SUMIFs('Spiffs & Deductions'!B$3:B1005,'Spiffs & Deductions'!A$3:A1005,A18,'Spiffs & Deductions'!C$3:C1005,$AS$3) -> 0 | AT18: =SUMIF('Spiffs & Deductions'!H$4:H1005,A18,'Spiffs & Deductions'!I$4:I1005) -> 0
A19: Malak El Khateeb | B19: P | C19: P | D19: P | E19: Off | F19: Off | G19: P | H19: P | I19: P | J19: P | K19: P | L19: Off | M19: Off | N19: - | O19: - | P19: - | Q19: - | R19: - | S19: Off | T19: Off | U19: - | V19: - | W19: - | X19: - | Y19: - | Z19: Off | AA19: Off | AB19: - | AC19: - | AD19: - | AE19: - | AF19: - | AH19: =(countif(B19:AG19,AH$3))+AI19+AJ19+(AL19*0.5)+(AK19*0.75) -> 8 | AI19: =countif(B19:AG19,$AI$3) -> 0 | AJ19: =countif(B19:AG19,AJ$3) -> 0 | AK19: =countif(B19:AG19,AK$3) -> 0 | AL19: =countif(B19:AG19,AL$3) -> 0 | AM19: =countif(B19:AG19,$AM$3) -> 8 | AN19: =countif(B19:AG19,AN$3) -> 0 | AO19: =(countif(B19:AL19,"A")) -> 0 | AP19: =countif(B19:AO19,AP$3) -> 0 | AQ19: =countif(B19:AP19,AQ$3) -> 0 | AR19: =SUMIF('Spiffs & Deductions'!A$3:A1005,A19,'Spiffs & Deductions'!B$3:B1005) -> 0 | AS19: =SUMIFs('Spiffs & Deductions'!B$3:B1005,'Spiffs & Deductions'!A$3:A1005,A19,'Spiffs & Deductions'!C$3:C1005,$AS$3) -> 0 | AT19: =SUMIF('Spiffs & Deductions'!H$4:H1005,A19,'Spiffs & Deductions'!I$4:I1005) -> 0
A20: Youseef (New comer) | B20: - | C20: - | D20: - | E20: - | F20: - | G20: - | H20: - | I20: - | J20: - | K20: - | L20: - | M20: - | N20: - | O20: - | P20: - | Q20: - | R20: - | S20: - | T20: - | U20: T | V20: P | W20: P | X20: P | Y20: P | Z20: Off | AA20: Off | AB20: - | AC20: - | AD20: - | AE20: - | AF20: - | AH20: =(countif(B20:AG20,AH$3))+AI20+AJ20+(AL20*0.5)+(AK20*0.75) -> 4 | AI20: =countif(B20:AG20,$AI$3) -> 0 | AJ20: =countif(B20:AG20,AJ$3) -> 0 | AK20: =countif(B20:AG20,AK$3) -> 0 | AL20: =countif(B20:AG20,AL$3) -> 0 | AM20: =countif(B20:AG20,$AM$3) -> 2 | AN20: =countif(B20:AG20,AN$3) -> 0 | AO20: =(countif(B20:AL20,"A")) -> 0 | AP20: =countif(B20:AO20,AP$3) -> 0 | AQ20: =countif(B20:AP20,AQ$3) -> 1 | AR20: =SUMIF('Spiffs & Deductions'!A$3:A1005,A20,'Spiffs & Deductions'!B$3:B1005) -> 0 | AS20: =SUMIFs('Spiffs & Deductions'!B$3:B1005,'Spiffs & Deductions'!A$3:A1005,A20,'Spiffs & Deductions'!C$3:C1005,$AS$3) -> 0 | AT20: =SUMIF('Spiffs & Deductions'!H$4:H1005,A20,'Spiffs & Deductions'!I$4:I1005) -> 0
A22: Month
A23: Date | B23: 46081 | C23: 46082 | D23: 46083 | E23: 46084 | F23: 46085 | G23: 46086 | H23: 46087 | I23: 46088 | J23: 46089 | K23: 46090 | L23: 46091 | M23: 46092 | N23: 46093 | O23: 46094 | P23: 46095 | Q23: 46096 | R23: 46097 | S23: 46098 | T23: 46099 | U23: 46100 | V23: 46101 | W23: 46102 | X23: 46103 | Y23: 46104 | Z23: 46105 | AA23: 46106 | AB23: 46107 | AC23: 46108 | AH23: Present | AI23: Late | AK23: Off | AN23: Double paid | AO23: Absent | AP23: N.S.N.C. | AQ23: Training | AR23: Spiffs | AT23: Deductions
A24: Day | B24: =B23 -> 46081 | C24: =C23 -> 46082 | D24: =D23 -> 46083 | E24: =E23 -> 46084 | F24: =F23 -> 46085 | G24: =G23 -> 46086 | H24: =H23 -> 46087 | I24: =I23 -> 46088 | ... AC24: =AC23 -> 46108 | AH24: P | AI24: L1 | AJ24: L2 | AK24: Q | AL24: H | AM24: Off | AN24: D | AO24: A | AP24: N | AQ24: T | AR24: All | AS24: Paid
A25: Ben Arthur | B25: Off | C25: Off | D25: L2 | E25: P | F25: P | G25: P | H25: P | I25: Off | J25: Off | K25: P | L25: L1 | M25: P | N25: P | O25: P | P25: Off | Q25: Off | R25: P | S25: L1 | T25: A | U25: P | V25: Off | W25: Off | X25: Off | Y25: P | Z25: P | AA25: P | AB25: P | AC25: P | AH25: =(countif(B25:AG25,AH$3))+AI25+AJ25+(AL25*0.5)+(AK25*0.75) -> 18 | AI25: =countif(B25:AG25,$AI$3) -> 2 | AJ25: =countif(B25:AG25,AJ$3) -> 1 | AK25: =countif(B25:AG25,AK$3) -> 0 | AL25: =countif(B25:AG25,AL$3) -> 0 | AM25: =countif(B25:AG25,$AM$3) -> 9 | AN25: =countif(B25:AG25,AN$3) -> 0 | AO25: =(countif(B25:AL25,"A")) -> 1 | AP25: =countif(B25:AO25,AP$3) -> 0 | AQ25: =countif(B25:AP25,AQ$3) -> 0 | AR25: =SUMIF('Spiffs & Deductions'!A$3:A1005,A25,'Spiffs & Deductions'!B$3:B1005) -> 0 | AS25: =SUMIFs('Spiffs & Deductions'!B$3:B1005,'Spiffs & Deductions'!A$3:A1005,A25,'Spiffs & Deductions'!C$3:C1005,$AS$3) -> 0 | AT25: =SUMIF('Spiffs & Deductions'!H$4:H1005,A25,'Spiffs & Deductions'!I$4:I1005) -> 0
A26: Jimmy Pearson | B26: Off | C26: Off | D26: P | E26: P | F26: P | G26: P | H26: A | I26: Off | J26: Off | K26: P | L26: P | M26: P | N26: P | O26: P | P26: Off | Q26: Off | R26: P | S26: L2 | T26: P | U26: P | V26: Off | W26: Off | X26: Off | Y26: L1 | Z26: P | AA26: L2 | AB26: P | AC26: P | AH26: =(countif(B26:AG26,AH$3))+AI26+AJ26+(AL26*0.5)+(AK26*0.75) -> 18 | AI26: =countif(B26:AG26,$AI$3) -> 1 | AJ26: =countif(B26:AG26,AJ$3) -> 2 | AK26: =countif(B26:AG26,AK$3) -> 0 | AL26: =countif(B26:AG26,AL$3) -> 0 | AM26: =countif(B26:AG26,$AM$3) -> 9 | AN26: =countif(B26:AG26,AN$3) -> 0 | AO26: =(countif(B26:AL26,"A")) -> 1 | AP26: =countif(B26:AO26,AP$3) -> 0 | AQ26: =countif(B26:AP26,AQ$3) -> 0 | AR26: =SUMIF('Spiffs & Deductions'!A$3:A1005,A26,'Spiffs & Deductions'!B$3:B1005) -> 0 | AS26: =SUMIFs('Spiffs & Deductions'!B$3:B1005,'Spiffs & Deductions'!A$3:A1005,A26,'Spiffs & Deductions'!C$3:C1005,$AS$3) -> 0 | AT26: =SUMIF('Spiffs & Deductions'!H$4:H1005,A26,'Spiffs & Deductions'!I$4:I1005) -> 0
A27: Kaity James | B27: Off | C27: Off | D27: P | E27: P | F27: P | G27: P | H27: P | I27: Off | J27: Off | K27: P | L27: P | M27: P | N27: P | O27: H | P27: Off | Q27: Off | R27: P | S27: P | T27: P | U27: P | V27: Off | W27: Off | X27: Off | Y27: P | Z27: P | AA27: A | AB27: P | AC27: P | AH27: =(countif(B27:AG27,AH$3))+AI27+AJ27+(AL27*0.5)+(AK27*0.75) -> 17.5 | AI27: =countif(B27:AG27,$AI$3) -> 0 | AJ27: =countif(B27:AG27,AJ$3) -> 0 | AK27: =countif(B27:AG27,AK$3) -> 0 | AL27: =countif(B27:AG27,AL$3) -> 1 | AM27: =countif(B27:AG27,$AM$3) -> 9 | AN27: =countif(B27:AG27,AN$3) -> 0 | AO27: =(countif(B27:AL27,"A")) -> 1 | AP27: =countif(B27:AO27,AP$3) -> 0 | AQ27: =countif(B27:AP27,AQ$3) -> 0 | AR27: =SUMIF('Spiffs & Deductions'!A$3:A1005,A27,'Spiffs & Deductions'!B$3:B1005) -> 0 | AS27: =SUMIFs('Spiffs & Deductions'!B$3:B1005,'Spiffs & Deductions'!A$3:A1005,A27,'Spiffs & Deductions'!C$3:C1005,$AS$3) -> 0 | AT27: =SUMIF('Spiffs & Deductions'!H$4:H1005,A27,'Spiffs & Deductions'!I$4:I1005) -> 0
A28: Selene Myles | B28: Off | C28: Off | D28: P | E28: P | F28: P | G28: P | H28: P | I28: Off | J28: Off | K28: P | L28: P | M28: P | N28: P | O28: H | P28: Off | Q28: Off | R28: P | S28: P | T28: P | U28: P | V28: Off | W28: Off | X28: Off | Y28: P | Z28: P | AA28: A | AB28: A | AC28: P | AH28: =(countif(B28:AG28,AH$3))+AI28+AJ28+(AL28*0.5)+(AK28*0.75) -> 16.5 | AI28: =countif(B28:AG28,$AI$3) -> 0 | AJ28: =countif(B28:AG28,AJ$3) -> 0 | AK28: =countif(B28:AG28,AK$3) -> 0 | AL28: =countif(B28:AG28,AL$3) -> 1 | AM28: =countif(B28:AG28,$AM$3) -> 9 | AN28: =countif(B28:AG28,AN$3) -> 0 | AO28: =(countif(B28:AL28,"A")) -> 2 | AP28: =countif(B28:AO28,AP$3) -> 0 | AQ28: =countif(B28:AP28,AQ$3) -> 0 | AR28: =SUMIF('Spiffs & Deductions'!A$3:A1005,A28,'Spiffs & Deductions'!B$3:B1005) -> 0 | AS28: =SUMIFs('Spiffs & Deductions'!B$3:B1005,'Spiffs & Deductions'!A$3:A1005,A28,'Spiffs & Deductions'!C$3:C1005,$AS$3) -> 0 | AT28: =SUMIF('Spiffs & Deductions'!H$4:H1005,A28,'Spiffs & Deductions'!I$4:I1005) -> 0
A29: Mohamed | B29: Off | C29: Off | I29: Off | J29: Off | P29: Off | Q29: Off | W29: Off | X29: Off | AH29: =(countif(B29:AG29,AH$3))+AI29+AJ29+(AL29*0.5)+(AK29*0.75) -> 0 | AI29: =countif(B29:AG29,$AI$3) -> 0 | AJ29: =countif(B29:AG29,AJ$3) -> 0 | AK29: =countif(B29:AG29,AK$3) -> 0 | AL29: =countif(B29:AG29,AL$3) -> 0 | AM29: =countif(B29:AG29,$AM$3) -> 8 | AN29: =countif(B29:AG29,AN$3) -> 0 | AO29: =(countif(B29:AL29,"A")) -> 0 | AP29: =countif(B29:AO29,AP$3) -> 0 | AQ29: =countif(B29:AP29,AQ$3) -> 0 | AR29: =SUMIF('Spiffs & Deductions'!A$3:A1005,A29,'Spiffs & Deductions'!B$3:B1005) -> 0 | AS29: =SUMIFs('Spiffs & Deductions'!B$3:B1005,'Spiffs & Deductions'!A$3:A1005,A29,'Spiffs & Deductions'!C$3:C1005,$AS$3) -> 0 | AT29: =SUMIF('Spiffs & Deductions'!H$4:H1005,A29,'Spiffs & Deductions'!I$4:I1005) -> 0
A30: Malak El Khateeb | B30: Off | C30: Off | I30: Off | J30: Off | P30: Off | Q30: Off | W30: Off | X30: Off | AH30: =(countif(B30:AG30,AH$3))+AI30+AJ30+(AL30*0.5)+(AK30*0.75) -> 0 | AI30: =countif(B30:AG30,$AI$3) -> 0 | AJ30: =countif(B30:AG30,AJ$3) -> 0 | AK30: =countif(B30:AG30,AK$3) -> 0 | AL30: =countif(B30:AG30,AL$3) -> 0 | AM30: =countif(B30:AG30,$AM$3) -> 8 | AN30: =countif(B30:AG30,AN$3) -> 0 | AO30: =(countif(B30:AL30,"A")) -> 0 | AP30: =countif(B30:AO30,AP$3) -> 0 | AQ30: =countif(B30:AP30,AQ$3) -> 0 | AR30: =SUMIF('Spiffs & Deductions'!A$3:A1005,A30,'Spiffs & Deductions'!B$3:B1005) -> 0 | AS30: =SUMIFs('Spiffs & Deductions'!B$3:B1005,'Spiffs & Deductions'!A$3:A1005,A30,'Spiffs & Deductions'!C$3:C1005,$AS$3) -> 0 | AT30: =SUMIF('Spiffs & Deductions'!H$4:H1005,A30,'Spiffs & Deductions'!I$4:I1005) -> 0
A31: Youseef (New comer) | B31: Off | C31: Off | I31: Off | J31: Off | P31: Off | Q31: Off | W31: Off | X31: Off | AH31: =(countif(B31:AG31,AH$3))+AI31+AJ31+(AL31*0.5)+(AK31*0.75) -> 0 | AI31: =countif(B31:AG31,$AI$3) -> 0 | AJ31: =countif(B31:AG31,AJ$3) -> 0 | AK31: =countif(B31:AG31,AK$3) -> 0 | AL31: =countif(B31:AG31,AL$3) -> 0 | AM31: =countif(B31:AG31,$AM$3) -> 8 | AN31: =countif(B31:AG31,AN$3) -> 0 | AO31: =(countif(B31:AL31,"A")) -> 0 | AP31: =countif(B31:AO31,AP$3) -> 0 | AQ31: =countif(B31:AP31,AQ$3) -> 0 | AR31: =SUMIF('Spiffs & Deductions'!A$3:A1005,A31,'Spiffs & Deductions'!B$3:B1005) -> 0 | AS31: =SUMIFs('Spiffs & Deductions'!B$3:B1005,'Spiffs & Deductions'!A$3:A1005,A31,'Spiffs & Deductions'!C$3:C1005,$AS$3) -> 0 | AT31: =SUMIF('Spiffs & Deductions'!H$4:H1005,A31,'Spiffs & Deductions'!I$4:I1005) -> 0
A33: Month
A34: Date | B34: 46109 | C34: 46110 | D34: 46111 | E34: 46112 | F34: 46113 | G34: 46114 | H34: 46115 | I34: 46116 | J34: 46117 | K34: 46118 | L34: 46119 | M34: 46120 | N34: 46121 | O34: 46122 | P34: 46123 | Q34: 46124 | R34: 46125 | S34: 46126 | T34: 46127 | U34: 46128 | V34: 46129 | W34: 46130 | X34: 46131 | Y34: 46132 | Z34: 46133 | AA34: 46134 | AB34: 46135 | AC34: 46136 | AD34: 46137 | AE34: 46138 | AF34: 46139 | AH34: Present | AI34: Late | AK34: Off | AN34: Double paid | AO34: Absent | AP34: N.S.N.C. | AQ34: Training | AR34: Spiffs | AT34: Deductions
A35: Day | B35: =B34 -> 46109 | C35: =C34 -> 46110 | D35: =D34 -> 46111 | E35: =E34 -> 46112 | F35: =F34 -> 46113 | G35: =G34 -> 46114 | H35: =H34 -> 46115 | I35: =I34 -> 46116 | ... AF35: =AF34 -> 46139 | AH35: P | AI35: L1 | AJ35: L2 | AK35: Q | AL35: H | AM35: Off | AN35: D | AO35: A | AP35: N | AQ35: T | AR35: All | AS35: Paid
A36: Ben Arthur | B36: Off | C36: Off | D36: P | E36: H | F36: P | G36: Q | H36: P | I36: Off | J36: Off | K36: P | L36: P | M36: P | N36: H | O36: P | P36: Off | Q36: Off | R36: P | S36: P | T36: P | U36: P | V36: P | W36: Off | X36: Off | Y36: P | Z36: P | AA36: P | AB36: H | AC36: P | AD36: Off | AE36: Off | AF36: L2 | AH36: =(countif(B36:AG36,AH$3))+AI36+AJ36+(AL36*0.5)+(AK36*0.75) -> 19.25 | AI36: =countif(B36:AG36,$AI$3) -> 0 | AJ36: =countif(B36:AG36,AJ$3) -> 1 | AK36: =countif(B36:AG36,AK$3) -> 1 | AL36: =countif(B36:AG36,AL$3) -> 3 | AM36: =countif(B36:AG36,$AM$3) -> 10 | AN36: =countif(B36:AG36,AN$3) -> 0 | AO36: =(countif(B36:AL36,"A")) -> 0 | AP36: =countif(B36:AO36,AP$3) -> 0 | AQ36: =countif(B36:AP36,AQ$3) -> 0 | AR36: =SUMIF('Spiffs & Deductions'!A$3:A1005,A36,'Spiffs & Deductions'!B$3:B1005) -> 0 | AS36: =SUMIFs('Spiffs & Deductions'!B$3:B1005,'Spiffs & Deductions'!A$3:A1005,A36,'Spiffs & Deductions'!C$3:C1005,$AS$3) -> 0 | AT36: =SUMIF('Spiffs & Deductions'!H$4:H1005,A36,'Spiffs & Deductions'!I$4:I1005) -> 0
A37: Jimmy Pearson | B37: Off | C37: Off | D37: P | E37: P | F37: P | G37: L2 | H37: P | I37: Off | J37: Off | K37: P | L37: P | M37: L2 | N37: P | O37: P | P37: Off | Q37: Off | R37: P | S37: P | T37: P | U37: P | V37: L1 | W37: Off | X37: Off | Y37: P | Z37: P | AA37: P | AB37: L1 | AC37: P | AD37: Off | AE37: Off | AF37: P | AH37: =(countif(B37:AG37,AH$3))+AI37+AJ37+(AL37*0.5)+(AK37*0.75) -> 21 | AI37: =countif(B37:AG37,$AI$3) -> 2 | AJ37: =countif(B37:AG37,AJ$3) -> 2 | AK37: =countif(B37:AG37,AK$3) -> 0 | AL37: =countif(B37:AG37,AL$3) -> 0 | AM37: =countif(B37:AG37,$AM$3) -> 10 | AN37: =countif(B37:AG37,AN$3) -> 0 | AO37: =(countif(B37:AL37,"A")) -> 0 | AP37: =countif(B37:AO37,AP$3) -> 0 | AQ37: =countif(B37:AP37,AQ$3) -> 0 | AR37: =SUMIF('Spiffs & Deductions'!A$3:A1005,A37,'Spiffs & Deductions'!B$3:B1005) -> 0 | AS37: =SUMIFs('Spiffs & Deductions'!B$3:B1005,'Spiffs & Deductions'!A$3:A1005,A37,'Spiffs & Deductions'!C$3:C1005,$AS$3) -> 0 | AT37: =SUMIF('Spiffs & Deductions'!H$4:H1005,A37,'Spiffs & Deductions'!I$4:I1005) -> 0
A38: Kaity James | B38: Off | C38: Off | D38: L2 | E38: A | F38: P | G38: P | H38: P | I38: Off | J38: Off | K38: P | L38: P | M38: P | N38: P | O38: P | P38: Off | Q38: Off | R38: P | S38: P | T38: L2 | U38: P | V38: P | W38: Off | X38: Off | Y38: H | Z38: P | AA38: P | AB38: P | AC38: H | AD38: Off | AE38: Off | AF38: P | AH38: =(countif(B38:AG38,AH$3))+AI38+AJ38+(AL38*0.5)+(AK38*0.75) -> 19 | AI38: =countif(B38:AG38,$AI$3) -> 0 | AJ38: =countif(B38:AG38,AJ$3) -> 2 | AK38: =countif(B38:AG38,AK$3) -> 0 | AL38: =countif(B38:AG38,AL$3) -> 2 | AM38: =countif(B38:AG38,$AM$3) -> 10 | AN38: =countif(B38:AG38,AN$3) -> 0 | AO38: =(countif(B38:AL38,"A")) -> 1 | AP38: =countif(B38:AO38,AP$3) -> 0 | AQ38: =countif(B38:AP38,AQ$3) -> 0 | AR38: =SUMIF('Spiffs & Deductions'!A$3:A1005,A38,'Spiffs & Deductions'!B$3:B1005) -> 0 | AS38: =SUMIFs('Spiffs & Deductions'!B$3:B1005,'Spiffs & Deductions'!A$3:A1005,A38,'Spiffs & Deductions'!C$3:C1005,$AS$3) -> 0 | AT38: =SUMIF('Spiffs & Deductions'!H$4:H1005,A38,'Spiffs & Deductions'!I$4:I1005) -> 0
A39: Selene Myles | B39: Off | C39: Off | D39: H | E39: A | F39: A | G39: P | H39: P | I39: Off | J39: Off | K39: P | L39: P | M39: P | N39: P | O39: P | P39: Off | Q39: Off | R39: P | S39: P | T39: P | U39: P | V39: P | W39: Off | X39: Off | Y39: A | Z39: P | AA39: P | AB39: P | AC39: P | AD39: Off | AE39: Off | AF39: P | AH39: =(countif(B39:AG39,AH$3))+AI39+AJ39+(AL39*0.5)+(AK39*0.75) -> 17.5 | AI39: =countif(B39:AG39,$AI$3) -> 0 | AJ39: =countif(B39:AG39,AJ$3) -> 0 | AK39: =countif(B39:AG39,AK$3) -> 0 | AL39: =countif(B39:AG39,AL$3) -> 1 | AM39: =countif(B39:AG39,$AM$3) -> 10 | AN39: =countif(B39:AG39,AN$3) -> 0 | AO39: =(countif(B39:AL39,"A")) -> 3 | AP39: =countif(B39:AO39,AP$3) -> 0 | AQ39: =countif(B39:AP39,AQ$3) -> 0 | AR39: =SUMIF('Spiffs & Deductions'!A$3:A1005,A39,'Spiffs & Deductions'!B$3:B1005) -> 0 | AS39: =SUMIFs('Spiffs & Deductions'!B$3:B1005,'Spiffs & Deductions'!A$3:A1005,A39,'Spiffs & Deductions'!C$3:C1005,$AS$3) -> 0 | AT39: =SUMIF('Spiffs & Deductions'!H$4:H1005,A39,'Spiffs & Deductions'!I$4:I1005) -> 0
A41: Month
A42: Date | B42: 46140 | C42: 46141 | D42: 46142 | E42: 46143 | F42: 46144 | G42: 46145 | H42: 46146 | I42: 46147 | J42: 46148 | K42: 46149 | L42: 46150 | M42: 46151 | N42: 46152 | O42: 46153 | P42: 46154 | Q42: 46155 | R42: 46156 | S42: 46157 | T42: 46158 | U42: 46159 | V42: 46160 | W42: 46161 | X42: 46162 | Y42: 46163 | Z42: 46164 | AA42: 46165 | AB42: 46166 | AC42: 46167 | AD42: 46168 | AE42: 46169 | AF42: 46170 | AH42: Present | AI42: Late | AK42: Off | AN42: Double paid | AO42: Absent | AP42: N.S.N.C. | AQ42: Training | AR42: Spiffs | AT42: Deductions
A43: Day | B43: =B42 -> 46140 | C43: =C42 -> 46141 | D43: =D42 -> 46142 | E43: =E42 -> 46143 | F43: =F42 -> 46144 | G43: =G42 -> 46145 | H43: =H42 -> 46146 | I43: =I42 -> 46147 | ... AF43: =AF42 -> 46170 | AH43: P | AI43: L1 | AJ43: L2 | AK43: Q | AL43: H | AM43: Off | AN43: D | AO43: A | AP43: N | AQ43: T | AR43: All | AS43: Paid
A44: Ben Arthur | B44: P | C44: P | D44: P | E44: P | F44: Off | G44: Off | H44: P | I44: H | J44: H | K44: P | L44: P | M44: Off | N44: Off | O44: L2 | P44: P | Q44: H | R44: L2 | S44: P | T44: Off | U44: Off | V44: P | W44: P | X44: H | Y44: P | Z44: P | AA44: Off | AB44: Off | AC44: Off | AD44: D | AE44: Off | AF44: Off | AH44: =(countif(B44:AG44,AH$3))+AI44+AJ44+(AL44*0.5)+(AK44*0.75) -> 17 | AI44: =countif(B44:AG44,$AI$3) -> 0 | AJ44: =countif(B44:AG44,AJ$3) -> 2 | AK44: =countif(B44:AG44,AK$3) -> 0 | AL44: =countif(B44:AG44,AL$3) -> 4 | AM44: =countif(B44:AG44,$AM$3) -> 11 | AN44: =countif(B44:AG44,AN$3) -> 1 | AO44: =(countif(B44:AL44,"A")) -> 0 | AP44: =countif(B44:AO44,AP$3) -> 0 | AQ44: =countif(B44:AP44,AQ$3) -> 0 | AR44: =SUMIF('Spiffs & Deductions'!A$3:A1005,A44,'Spiffs & Deductions'!B$3:B1005) -> 0 | AS44: =SUMIFs('Spiffs & Deductions'!B$3:B1005,'Spiffs & Deductions'!A$3:A1005,A44,'Spiffs & Deductions'!C$3:C1005,$AS$3) -> 0 | AT44: =AK44*0.25+AL44*0.5 -> 2 | AU44: =AI44*25+AJ44*50 -> 100
A45: Jimmy Pearson | B45: P | C45: P | D45: P | E45: P | F45: Off | G45: Off | H45: P | I45: P | J45: P | K45: P | L45: P | M45: Off | N45: Off | O45: P | P45: P | Q45: L2 | R45: P | S45: P | T45: Off | U45: Off | V45: P | W45: L2 | X45: P | Y45: Q | Z45: P | AA45: Off | AB45: Off | AC45: Off | AD45: D | AE45: Off | AF45: Off | AH45: =(countif(B45:AG45,AH$3))+AI45+AJ45+(AL45*0.5)+(AK45*0.75) -> 18.75 | AI45: =countif(B45:AG45,$AI$3) -> 0 | AJ45: =countif(B45:AG45,AJ$3) -> 2 | AK45: =countif(B45:AG45,AK$3) -> 1 | AL45: =countif(B45:AG45,AL$3) -> 0 | AM45: =countif(B45:AG45,$AM$3) -> 11 | AN45: =countif(B45:AG45,AN$3) -> 1 | AO45: =(countif(B45:AL45,"A")) -> 0 | AP45: =countif(B45:AO45,AP$3) -> 0 | AQ45: =countif(B45:AP45,AQ$3) -> 0 | AR45: =SUMIF('Spiffs & Deductions'!A$3:A1005,A45,'Spiffs & Deductions'!B$3:B1005) -> 0 | AS45: =SUMIFs('Spiffs & Deductions'!B$3:B1005,'Spiffs & Deductions'!A$3:A1005,A45,'Spiffs & Deductions'!C$3:C1005,$AS$3) -> 0 | AT45: =AK45*0.25+AL45*0.5 -> 0.25 | AU45: =AI45*25+AJ45*50 -> 100
A46: Kaity James | B46: P | C46: P | D46: P | E46: P | F46: Off | G46: Off | H46: P | I46: P | J46: P | K46: P | L46: P | M46: Off | N46: Off | O46: P | P46: P | Q46: P | R46: P | S46: A | T46: Off | U46: Off | V46: P | W46: P | X46: P | Y46: P | Z46: P | AA46: Off | AB46: Off | AC46: Off | AD46: D | AE46: Off | AF46: Off | AH46: =(countif(B46:AG46,AH$3))+AI46+AJ46+(AL46*0.5)+(AK46*0.75) -> 18 | AI46: =countif(B46:AG46,$AI$3) -> 0 | AJ46: =countif(B46:AG46,AJ$3) -> 0 | AK46: =countif(B46:AG46,AK$3) -> 0 | AL46: =countif(B46:AG46,AL$3) -> 0 | AM46: =countif(B46:AG46,$AM$3) -> 11 | AN46: =countif(B46:AG46,AN$3) -> 1 | AO46: =(countif(B46:AL46,"A")) -> 1 | AP46: =countif(B46:AO46,AP$3) -> 0 | AQ46: =countif(B46:AP46,AQ$3) -> 0 | AR46: =SUMIF('Spiffs & Deductions'!A$3:A1005,A46,'Spiffs & Deductions'!B$3:B1005) -> 0 | AS46: =SUMIFs('Spiffs & Deductions'!B$3:B1005,'Spiffs & Deductions'!A$3:A1005,A46,'Spiffs & Deductions'!C$3:C1005,$AS$3) -> 0 | AT46: =AK46*0.25+AL46*0.5 -> 0 | AU46: =AI46*25+AJ46*50 -> 0
A47: Selene Myles | B47: P | C47: P | D47: P | E47: P | F47: Off | G47: Off | H47: P | I47: P | J47: P | K47: P | L47: P | M47: Off | N47: Off | O47: P | P47: P | Q47: P | R47: P | S47: P | T47: Off | U47: Off | V47: P | W47: P | X47: P | Y47: P | Z47: P | AA47: Off | AB47: Off | AC47: Off | AD47: D | AE47: Off | AF47: Off | AH47: =(countif(B47:AG47,AH$3))+AI47+AJ47+(AL47*0.5)+(AK47*0.75) -> 19 | AI47: =countif(B47:AG47,$AI$3) -> 0 | AJ47: =countif(B47:AG47,AJ$3) -> 0 | AK47: =countif(B47:AG47,AK$3) -> 0 | AL47: =countif(B47:AG47,AL$3) -> 0 | AM47: =countif(B47:AG47,$AM$3) -> 11 | AN47: =countif(B47:AG47,AN$3) -> 1 | AO47: =(countif(B47:AL47,"A")) -> 0 | AP47: =countif(B47:AO47,AP$3) -> 0 | AQ47: =countif(B47:AP47,AQ$3) -> 0 | AR47: =SUMIF('Spiffs & Deductions'!A$3:A1005,A47,'Spiffs & Deductions'!B$3:B1005) -> 0 | AS47: =SUMIFs('Spiffs & Deductions'!B$3:B1005,'Spiffs & Deductions'!A$3:A1005,A47,'Spiffs & Deductions'!C$3:C1005,$AS$3) -> 0 | AT47: =AK47*0.25+AL47*0.5 -> 0 | AU47: =AI47*25+AJ47*50 -> 0
A49: Month
A50: Date | B50: 46171 | C50: 46172 | D50: 46173 | E50: 46174 | F50: 46175 | G50: 46176 | H50: 46177 | I50: 46178 | J50: 46179 | K50: 46180 | L50: 46181 | M50: 46182 | N50: 46183 | O50: 46184 | P50: 46185 | Q50: 46186 | R50: 46187 | S50: 46188 | T50: 46189 | U50: 46190 | V50: 46191 | W50: 46192 | X50: 46193 | Y50: 46194 | Z50: 46195 | AA50: 46196 | AB50: 46197 | AC50: 46198 | AD50: 46199 | AE50: 46200 | AF50: 46201 | AH50: Present | AI50: Late | AK50: Off | AN50: Double paid | AO50: Absent | AP50: N.S.N.C. | AQ50: Training | AR50: Spiffs | AT50: Deductions
A51: Day | B51: =B50 -> 46171 | C51: =C50 -> 46172 | D51: =D50 -> 46173 | E51: =E50 -> 46174 | F51: =F50 -> 46175 | G51: =G50 -> 46176 | H51: =H50 -> 46177 | I51: =I50 -> 46178 | ... AF51: =AF50 -> 46201 | AH51: P | AI51: L1 | AJ51: L2 | AK51: Q | AL51: H | AM51: Off | AN51: D | AO51: A | AP51: N | AQ51: T | AR51: All | AS51: Paid
A52: Ben Arthur | B52: Off | C52: Off | D52: Off | E52: H | F52: P | G52: H | H52: P | I52: P | J52: Off | K52: Off | L52: P | M52: P | N52: P | O52: P | P52: P | Q52: Off | R52: Off | S52: A | T52: A | U52: H | V52: P | W52: P | X52: Off | Y52: Off | Z52: L2 | AA52: P | AB52: P | AC52: P | AD52: P | AE52: Off | AF52: Off | AH52: =(countif(B52:AG52,AH$3))+AI52+AJ52+(AL52*0.5)+(AK52*0.75) -> 16.5 | AI52: =countif(B52:AG52,$AI$3) -> 0 | AJ52: =countif(B52:AG52,AJ$3) -> 1 | AK52: =countif(B52:AG52,AK$3) -> 0 | AL52: =countif(B52:AG52,AL$3) -> 3 | AM52: =countif(B52:AG52,$AM$3) -> 11 | AN52: =countif(B52:AG52,AN$3) -> 0 | AO52: =(countif(B52:AL52,"A")) -> 2 | AP52: =countif(B52:AO52,AP$3) -> 0 | AQ52: =countif(B52:AP52,AQ$3) -> 0 | AR52: =SUMIF('Spiffs & Deductions'!A$3:A1005,A52,'Spiffs & Deductions'!B$3:B1005) -> 0 | AS52: =SUMIFs('Spiffs & Deductions'!B$3:B1005,'Spiffs & Deductions'!A$3:A1005,A52,'Spiffs & Deductions'!C$3:C1005,$AS$3) -> 0 | AT52: =AK52*0.25+AL52*0.5 -> 1.5 | AU52: =AI52*25+AJ52*50 -> 50
A53: Jimmy Pearson | B53: Off | C53: Off | D53: Off | E53: P | F53: P | G53: P | H53: L1 | I53: P | J53: Off | K53: Off | L53: L2 | M53: L1 | N53: P | O53: P | P53: L2 | Q53: Off | R53: Off | S53: L2 | T53: P | U53: L1 | V53: P | W53: P | X53: Off | Y53: Off | Z53: P | AA53: P | AB53: P | AC53: P | AD53: H | AE53: Off | AF53: Off | AH53: =(countif(B53:AG53,AH$3))+AI53+AJ53+(AL53*0.5)+(AK53*0.75) -> 19.5 | AI53: =countif(B53:AG53,$AI$3) -> 3 | AJ53: =countif(B53:AG53,AJ$3) -> 3 | AK53: =countif(B53:AG53,AK$3) -> 0 | AL53: =countif(B53:AG53,AL$3) -> 1 | AM53: =countif(B53:AG53,$AM$3) -> 11 | AN53: =countif(B53:AG53,AN$3) -> 0 | AO53: =(countif(B53:AL53,"A")) -> 0 | AP53: =countif(B53:AO53,AP$3) -> 0 | AQ53: =countif(B53:AP53,AQ$3) -> 0 | AR53: =SUMIF('Spiffs & Deductions'!A$3:A1005,A53,'Spiffs & Deductions'!B$3:B1005) -> 0 | AS53: =SUMIFs('Spiffs & Deductions'!B$3:B1005,'Spiffs & Deductions'!A$3:A1005,A53,'Spiffs & Deductions'!C$3:C1005,$AS$3) -> 0 | AT53: =AK53*0.25+AL53*0.5 -> 0.5 | AU53: =AI53*25+AJ53*50 -> 225
A54: Kaity James | B54: Off | C54: Off | D54: Off | E54: P | F54: P | G54: P | H54: P | I54: P | J54: Off | K54: Off | L54: P | M54: P | N54: P | O54: P | P54: P | Q54: Off | R54: Off | S54: P | T54: P | U54: P | V54: P | W54: P | X54: Off | Y54: Off | Z54: P | AA54: P | AB54: P | AC54: P | AD54: P | AE54: Off | AF54: Off | AH54: =(countif(B54:AG54,AH$3))+AI54+AJ54+(AL54*0.5)+(AK54*0.75) -> 20 | AI54: =countif(B54:AG54,$AI$3) -> 0 | AJ54: =countif(B54:AG54,AJ$3) -> 0 | AK54: =countif(B54:AG54,AK$3) -> 0 | AL54: =countif(B54:AG54,AL$3) -> 0 | AM54: =countif(B54:AG54,$AM$3) -> 11 | AN54: =countif(B54:AG54,AN$3) -> 0 | AO54: =(countif(B54:AL54,"A")) -> 0 | AP54: =countif(B54:AO54,AP$3) -> 0 | AQ54: =countif(B54:AP54,AQ$3) -> 0 | AR54: =SUMIF('Spiffs & Deductions'!A$3:A1005,A54,'Spiffs & Deductions'!B$3:B1005) -> 0 | AS54: =SUMIFs('Spiffs & Deductions'!B$3:B1005,'Spiffs & Deductions'!A$3:A1005,A54,'Spiffs & Deductions'!C$3:C1005,$AS$3) -> 0 | AT54: =AK54*0.25+AL54*0.5 -> 0 | AU54: =AI54*25+AJ54*50 -> 0
A55: Selene Myles | B55: Off | C55: Off | D55: Off | E55: P | F55: P | G55: P | H55: P | I55: P | J55: Off | K55: Off | L55: P | M55: P | N55: P | O55: P | P55: P | Q55: Off | R55: Off | S55: P | T55: P | U55: P | V55: P | W55: P | X55: Off | Y55: Off | Z55: P | AA55: P | AB55: P | AC55: P | AD55: P | AE55: Off | AF55: Off | AH55: =(countif(B55:AG55,AH$3))+AI55+AJ55+(AL55*0.5)+(AK55*0.75) -> 20 | AI55: =countif(B55:AG55,$AI$3) -> 0 | AJ55: =countif(B55:AG55,AJ$3) -> 0 | AK55: =countif(B55:AG55,AK$3) -> 0 | AL55: =countif(B55:AG55,AL$3) -> 0 | AM55: =countif(B55:AG55,$AM$3) -> 11 | AN55: =countif(B55:AG55,AN$3) -> 0 | AO55: =(countif(B55:AL55,"A")) -> 0 | AP55: =countif(B55:AO55,AP$3) -> 0 | AQ55: =countif(B55:AP55,AQ$3) -> 0 | AR55: =SUMIF('Spiffs & Deductions'!A$3:A1005,A55,'Spiffs & Deductions'!B$3:B1005) -> 0 | AS55: =SUMIFs('Spiffs & Deductions'!B$3:B1005,'Spiffs & Deductions'!A$3:A1005,A55,'Spiffs & Deductions'!C$3:C1005,$AS$3) -> 0 | AT55: =AK55*0.25+AL55*0.5 -> 0 | AU55: =AI55*25+AJ55*50 -> 0
A56: Jasmine Green | B56: - | C56: - | D56: - | E56: - | F56: - | G56: - | H56: - | I56: - | J56: - | K56: - | L56: - | M56: - | N56: - | O56: - | P56: P | Q56: Off | R56: Off | S56: A | T56: A | U56: P | V56: P | W56: P | X56: Off | Y56: Off | Z56: P | AA56: P | AB56: P | AC56: P | AD56: A | AE56: Off | AF56: Off | AH56: =(countif(B56:AG56,AH$3))+AI56+AJ56+(AL56*0.5)+(AK56*0.75) -> 8 | AI56: =countif(B56:AG56,$AI$3) -> 0 | AJ56: =countif(B56:AG56,AJ$3) -> 0 | AK56: =countif(B56:AG56,AK$3) -> 0 | AL56: =countif(B56:AG56,AL$3) -> 0 | AM56: =countif(B56:AG56,$AM$3) -> 6 | AN56: =countif(B56:AG56,AN$3) -> 0 | AO56: =(countif(B56:AL56,"A")) -> 3 | AP56: =countif(B56:AO56,AP$3) -> 0 | AQ56: =countif(B56:AP56,AQ$3) -> 0 | AR56: =SUMIF('Spiffs & Deductions'!A$3:A1005,A56,'Spiffs & Deductions'!B$3:B1005) -> 0 | AS56: =SUMIFs('Spiffs & Deductions'!B$3:B1005,'Spiffs & Deductions'!A$3:A1005,A56,'Spiffs & Deductions'!C$3:C1005,$AS$3) -> 0 | AT56: =AK56*0.25+AL56*0.5 -> 0 | AU56: =AI56*25+AJ56*50 -> 0
A57: Caroline Richards | B57: - | C57: - | D57: - | E57: - | F57: - | G57: - | H57: L2 | I57: P | J57: Off | K57: Off | L57: L1 | M57: P | N57: L1 | O57: P | P57: P | Q57: Off | R57: Off | S57: P | T57: L2 | U57: P | V57: P | W57: P | X57: Off | Y57: Off | Z57: P | AA57: P | AB57: L2 | AC57: P | AD57: A | AE57: Off | AF57: Off | AH57: =(countif(B57:AG57,AH$3))+AI57+AJ57+(AL57*0.5)+(AK57*0.75) -> 16 | AI57: =countif(B57:AG57,$AI$3) -> 2 | AJ57: =countif(B57:AG57,AJ$3) -> 3 | AK57: =countif(B57:AG57,AK$3) -> 0 | AL57: =countif(B57:AG57,AL$3) -> 0 | AM57: =countif(B57:AG57,$AM$3) -> 8 | AN57: =countif(B57:AG57,AN$3) -> 0 | AO57: =(countif(B57:AL57,"A")) -> 1 | AP57: =countif(B57:AO57,AP$3) -> 0 | AQ57: =countif(B57:AP57,AQ$3) -> 0 | AR57: =SUMIF('Spiffs & Deductions'!A$3:A1005,A57,'Spiffs & Deductions'!B$3:B1005) -> 0 | AS57: =SUMIFs('Spiffs & Deductions'!B$3:B1005,'Spiffs & Deductions'!A$3:A1005,A57,'Spiffs & Deductions'!C$3:C1005,$AS$3) -> 0 | AT57: =AK57*0.25+AL57*0.5 -> 0 | AU57: =AI57*25+AJ57*50 -> 200
A58: Rick Nelson | B58: - | C58: - | D58: - | E58: - | F58: - | G58: P | H58: P | I58: P | J58: Off | K58: Off | L58: L2 | M58: A | N58: P | O58: P | P58: P | Q58: Off | R58: Off | S58: P | T58: P | U58: P | V58: P | W58: H | X58: Off | Y58: Off | Z58: L1 | AA58: L1 | AB58: L2 | AC58: P | AD58: P | AE58: Off | AF58: Off | AH58: =(countif(B58:AG58,AH$3))+AI58+AJ58+(AL58*0.5)+(AK58*0.75) -> 16.5 | AI58: =countif(B58:AG58,$AI$3) -> 2 | AJ58: =countif(B58:AG58,AJ$3) -> 2 | AK58: =countif(B58:AG58,AK$3) -> 0 | AL58: =countif(B58:AG58,AL$3) -> 1 | AM58: =countif(B58:AG58,$AM$3) -> 8 | AN58: =countif(B58:AG58,AN$3) -> 0 | AO58: =(countif(B58:AL58,"A")) -> 1 | AP58: =countif(B58:AO58,AP$3) -> 0 | AQ58: =countif(B58:AP58,AQ$3) -> 0 | AR58: =SUMIF('Spiffs & Deductions'!A$3:A1005,A58,'Spiffs & Deductions'!B$3:B1005) -> 0 | AS58: =SUMIFs('Spiffs & Deductions'!B$3:B1005,'Spiffs & Deductions'!A$3:A1005,A58,'Spiffs & Deductions'!C$3:C1005,$AS$3) -> 0 | AT58: =AK58*0.25+AL58*0.5 -> 0.5 | AU58: =AI58*25+AJ58*50 -> 150
A59: Nora Atkins | B59: - | C59: - | D59: - | E59: - | F59: - | G59: P | H59: P | I59: P | J59: Off | K59: Off | L59: P | M59: P | N59: P | O59: P | P59: P | Q59: Off | R59: Off | S59: P | T59: P | U59: P | V59: P | W59: P | X59: Off | Y59: Off | Z59: P | AA59: P | AB59: P | AC59: P | AD59: P | AE59: Off | AF59: Off | AH59: =(countif(B59:AG59,AH$3))+AI59+AJ59+(AL59*0.5)+(AK59*0.75) -> 18 | AI59: =countif(B59:AG59,$AI$3) -> 0 | AJ59: =countif(B59:AG59,AJ$3) -> 0 | AK59: =countif(B59:AG59,AK$3) -> 0 | AL59: =countif(B59:AG59,AL$3) -> 0 | AM59: =countif(B59:AG59,$AM$3) -> 8 | AN59: =countif(B59:AG59,AN$3) -> 0 | AO59: =(countif(B59:AL59,"A")) -> 0 | AP59: =countif(B59:AO59,AP$3) -> 0 | AQ59: =countif(B59:AP59,AQ$3) -> 0 | AR59: =SUMIF('Spiffs & Deductions'!A$3:A1005,A59,'Spiffs & Deductions'!B$3:B1005) -> 0 | AS59: =SUMIFs('Spiffs & Deductions'!B$3:B1005,'Spiffs & Deductions'!A$3:A1005,A59,'Spiffs & Deductions'!C$3:C1005,$AS$3) -> 0 | AT59: =AK59*0.25+AL59*0.5 -> 0 | AU59: =AI59*25+AJ59*50 -> 0
A61: Month
A62: Date | B62: 46202 | C62: 46203 | D62: 46204 | E62: 46205 | F62: 46206 | G62: 46207 | H62: 46208 | I62: 46209 | J62: 46210 | K62: 46211 | L62: 46212 | M62: 46213 | N62: 46214 | O62: 46215 | P62: 46216 | Q62: 46217 | R62: 46218 | S62: 46219 | T62: 46220 | U62: 46221 | V62: 46222 | W62: 46223 | X62: 46224 | Y62: 46225 | Z62: 46226 | AA62: 46227 | AB62: 46228 | AC62: 46229 | AD62: 46230 | AE62: 46231 | AF62: 46232 | AH62: Present | AI62: Late | AK62: Off | AN62: Double paid | AO62: Absent | AP62: N.S.N.C. | AQ62: Training | AR62: Spiffs | AT62: Deductions
A63: Day | B63: =B62 -> 46202 | C63: =C62 -> 46203 | D63: =D62 -> 46204 | E63: =E62 -> 46205 | F63: =F62 -> 46206 | G63: =G62 -> 46207 | H63: =H62 -> 46208 | I63: =I62 -> 46209 | ... AF63: =AF62 -> 46232 | AH63: P | AI63: L1 | AJ63: L2 | AK63: Q | AL63: H | AM63: Off | AN63: D | AO63: A | AP63: N | AQ63: T | AR63: All | AS63: Paid
A64: Ben Arthur | B64: Q | C64: L2 | D64: P | E64: P | F64: L2 | G64: Off | H64: Off | I64: P | J64: L2 | K64: P | L64: H | M64: P | N64: Off | O64: Off | P64: P | Q64: P | R64: P | S64: P | T64: P | U64: Off | V64: Off | W64: P | X64: P | Y64: L2 | Z64: P | AA64: P | AB64: Off | AC64: Off | AD64: P | AE64: - | AF64: - | AH64: =(countif(B64:AG64,AH$3))+AI64+AJ64+(AL64*0.5)+(AK64*0.75) -> 20.25 | AI64: =countif(B64:AG64,$AI$3) -> 0 | AJ64: =countif(B64:AG64,AJ$3) -> 4 | AK64: =countif(B64:AG64,AK$3) -> 1 | AL64: =countif(B64:AG64,AL$3) -> 1 | AM64: =countif(B64:AG64,$AM$3) -> 8 | AN64: =countif(B64:AG64,AN$3) -> 0 | AO64: =(countif(B64:AL64,"A")) -> 0 | AP64: =countif(B64:AO64,AP$3) -> 0 | AQ64: =countif(B64:AP64,AQ$3) -> 0 | AR64: =SUMIF('Spiffs & Deductions'!A$3:A1005,A64,'Spiffs & Deductions'!B$3:B1005) -> 0 | AS64: =SUMIFs('Spiffs & Deductions'!B$3:B1005,'Spiffs & Deductions'!A$3:A1005,A64,'Spiffs & Deductions'!C$3:C1005,$AS$3) -> 0 | AT64: =AK64*0.25+AL64*0.5 -> 0.75 | AU64: =AI64*25+AJ64*50 -> 200
A65: Jimmy Pearson | B65: P | C65: P | D65: L2 | E65: P | F65: P | G65: Off | H65: Off | I65: P | J65: P | K65: P | L65: P | M65: P | N65: Off | O65: Off | P65: P | Q65: P | R65: P | S65: P | T65: L2 | U65: Off | V65: Off | W65: P | X65: P | Y65: L1 | Z65: P | AA65: P | AB65: Off | AC65: Off | AD65: L2 | AE65: - | AF65: - | AH65: =(countif(B65:AG65,AH$3))+AI65+AJ65+(AL65*0.5)+(AK65*0.75) -> 21 | AI65: =countif(B65:AG65,$AI$3) -> 1 | AJ65: =countif(B65:AG65,AJ$3) -> 3 | AK65: =countif(B65:AG65,AK$3) -> 0 | AL65: =countif(B65:AG65,AL$3) -> 0 | AM65: =countif(B65:AG65,$AM$3) -> 8 | AN65: =countif(B65:AG65,AN$3) -> 0 | AO65: =(countif(B65:AL65,"A")) -> 0 | AP65: =countif(B65:AO65,AP$3) -> 0 | AQ65: =countif(B65:AP65,AQ$3) -> 0 | AR65: =SUMIF('Spiffs & Deductions'!A$3:A1005,A65,'Spiffs & Deductions'!B$3:B1005) -> 0 | AS65: =SUMIFs('Spiffs & Deductions'!B$3:B1005,'Spiffs & Deductions'!A$3:A1005,A65,'Spiffs & Deductions'!C$3:C1005,$AS$3) -> 0 | AT65: =AK65*0.25+AL65*0.5 -> 0 | AU65: =AI65*25+AJ65*50 -> 175
A66: Kaity James | B66: A | C66: P | D66: P | E66: P | F66: P | G66: Off | H66: Off | I66: P | J66: P | K66: P | L66: P | M66: P | N66: Off | O66: Off | P66: P | Q66: P | R66: P | S66: P | T66: P | U66: Off | V66: Off | W66: P | X66: P | Y66: P | Z66: P | AA66: P | AB66: Off | AC66: Off | AD66: P | AE66: - | AF66: - | AH66: =(countif(B66:AG66,AH$3))+AI66+AJ66+(AL66*0.5)+(AK66*0.75) -> 20 | AI66: =countif(B66:AG66,$AI$3) -> 0 | AJ66: =countif(B66:AG66,AJ$3) -> 0 | AK66: =countif(B66:AG66,AK$3) -> 0 | AL66: =countif(B66:AG66,AL$3) -> 0 | AM66: =countif(B66:AG66,$AM$3) -> 8 | AN66: =countif(B66:AG66,AN$3) -> 0 | AO66: =(countif(B66:AL66,"A")) -> 1 | AP66: =countif(B66:AO66,AP$3) -> 0 | AQ66: =countif(B66:AP66,AQ$3) -> 0 | AR66: =SUMIF('Spiffs & Deductions'!A$3:A1005,A66,'Spiffs & Deductions'!B$3:B1005) -> 0 | AS66: =SUMIFs('Spiffs & Deductions'!B$3:B1005,'Spiffs & Deductions'!A$3:A1005,A66,'Spiffs & Deductions'!C$3:C1005,$AS$3) -> 0 | AT66: =AK66*0.25+AL66*0.5 -> 0 | AU66: =AI66*25+AJ66*50 -> 0
A67: Selene Myles | B67: P | C67: P | D67: P | E67: P | F67: P | G67: Off | H67: Off | I67: P | J67: P | K67: P | L67: P | M67: P | N67: Off | O67: Off | P67: A | Q67: P | R67: P | S67: P | T67: P | U67: Off | V67: Off | W67: P | X67: P | Y67: P | Z67: P | AA67: P | AB67: Off | AC67: Off | AD67: P | AE67: - | AF67: - | AH67: =(countif(B67:AG67,AH$3))+AI67+AJ67+(AL67*0.5)+(AK67*0.75) -> 20 | AI67: =countif(B67:AG67,$AI$3) -> 0 | AJ67: =countif(B67:AG67,AJ$3) -> 0 | AK67: =countif(B67:AG67,AK$3) -> 0 | AL67: =countif(B67:AG67,AL$3) -> 0 | AM67: =countif(B67:AG67,$AM$3) -> 8 | AN67: =countif(B67:AG67,AN$3) -> 0 | AO67: =(countif(B67:AL67,"A")) -> 1 | AP67: =countif(B67:AO67,AP$3) -> 0 | AQ67: =countif(B67:AP67,AQ$3) -> 0 | AR67: =SUMIF('Spiffs & Deductions'!A$3:A1005,A67,'Spiffs & Deductions'!B$3:B1005) -> 0 | AS67: =SUMIFs('Spiffs & Deductions'!B$3:B1005,'Spiffs & Deductions'!A$3:A1005,A67,'Spiffs & Deductions'!C$3:C1005,$AS$3) -> 0 | AT67: =AK67*0.25+AL67*0.5 -> 0 | AU67: =AI67*25+AJ67*50 -> 0
A68: Jasmine Green | B68: P | C68: P | D68: P | E68: P | F68: P | G68: Off | H68: Off | I68: P | J68: P | K68: P | L68: P | M68: P | N68: Off | O68: Off | P68: P | Q68: P | R68: P | S68: P | T68: P | U68: Off | V68: Off | W68: P | X68: P | Y68: A | Z68: P | AA68: P | AB68: Off | AC68: Off | AD68: P | AE68: - | AF68: - | AH68: =(countif(B68:AG68,AH$3))+AI68+AJ68+(AL68*0.5)+(AK68*0.75) -> 20 | AI68: =countif(B68:AG68,$AI$3) -> 0 | AJ68: =countif(B68:AG68,AJ$3) -> 0 | AK68: =countif(B68:AG68,AK$3) -> 0 | AL68: =countif(B68:AG68,AL$3) -> 0 | AM68: =countif(B68:AG68,$AM$3) -> 8 | AN68: =countif(B68:AG68,AN$3) -> 0 | AO68: =(countif(B68:AL68,"A")) -> 1 | AP68: =countif(B68:AO68,AP$3) -> 0 | AQ68: =countif(B68:AP68,AQ$3) -> 0 | AR68: =SUMIF('Spiffs & Deductions'!A$3:A1005,A68,'Spiffs & Deductions'!B$3:B1005) -> 0 | AS68: =SUMIFs('Spiffs & Deductions'!B$3:B1005,'Spiffs & Deductions'!A$3:A1005,A68,'Spiffs & Deductions'!C$3:C1005,$AS$3) -> 0 | AT68: =AK68*0.25+AL68*0.5 -> 0 | AU68: =AI68*25+AJ68*50 -> 0
A69: Caroline Richards | B69: P | C69: P | D69: L2 | E69: P | F69: P | G69: Off | H69: Off | I69: P | J69: P | K69: L2 | L69: P | M69: P | N69: Off | O69: Off | P69: L2 | Q69: P | R69: P | S69: H | T69: P | U69: Off | V69: Off | W69: P | X69: H | Y69: L2 | Z69: P | AA69: L2 | AB69: Off | AC69: Off | AD69: P | AE69: - | AF69: - | AH69: =(countif(B69:AG69,AH$3))+AI69+AJ69+(AL69*0.5)+(AK69*0.75) -> 20 | AI69: =countif(B69:AG69,$AI$3) -> 0 | AJ69: =countif(B69:AG69,AJ$3) -> 5 | AK69: =countif(B69:AG69,AK$3) -> 0 | AL69: =countif(B69:AG69,AL$3) -> 2 | AM69: =countif(B69:AG69,$AM$3) -> 8 | AN69: =countif(B69:AG69,AN$3) -> 0 | AO69: =(countif(B69:AL69,"A")) -> 0 | AP69: =countif(B69:AO69,AP$3) -> 0 | AQ69: =countif(B69:AP69,AQ$3) -> 0 | AR69: =SUMIF('Spiffs & Deductions'!A$3:A1005,A69,'Spiffs & Deductions'!B$3:B1005) -> 0 | AS69: =SUMIFs('Spiffs & Deductions'!B$3:B1005,'Spiffs & Deductions'!A$3:A1005,A69,'Spiffs & Deductions'!C$3:C1005,$AS$3) -> 0 | AT69: =AK69*0.25+AL69*0.5 -> 1 | AU69: =AI69*25+AJ69*50 -> 250
A70: Rick Nelson | B70: P | C70: P | D70: P | E70: P | F70: P | G70: Off | H70: Off | I70: P | J70: P | K70: P | L70: P | M70: A | N70: Off | O70: Off | P70: P | Q70: P | R70: P | S70: Q | T70: P | U70: Off | V70: Off | W70: P | X70: P | Y70: P | Z70: P | AA70: H | AB70: Off | AC70: Off | AD70: P | AE70: - | AF70: - | AH70: =(countif(B70:AG70,AH$3))+AI70+AJ70+(AL70*0.5)+(AK70*0.75) -> 19.25 | AI70: =countif(B70:AG70,$AI$3) -> 0 | AJ70: =countif(B70:AG70,AJ$3) -> 0 | AK70: =countif(B70:AG70,AK$3) -> 1 | AL70: =countif(B70:AG70,AL$3) -> 1 | AM70: =countif(B70:AG70,$AM$3) -> 8 | AN70: =countif(B70:AG70,AN$3) -> 0 | AO70: =(countif(B70:AL70,"A")) -> 1 | AP70: =countif(B70:AO70,AP$3) -> 0 | AQ70: =countif(B70:AP70,AQ$3) -> 0 | AR70: =SUMIF('Spiffs & Deductions'!A$3:A1005,A70,'Spiffs & Deductions'!B$3:B1005) -> 0 | AS70: =SUMIFs('Spiffs & Deductions'!B$3:B1005,'Spiffs & Deductions'!A$3:A1005,A70,'Spiffs & Deductions'!C$3:C1005,$AS$3) -> 0 | AT70: =AK70*0.25+AL70*0.5 -> 0.75 | AU70: =AI70*25+AJ70*50 -> 0
A71: Nora Atkins | B71: P | C71: P | D71: P | E71: P | F71: P | G71: Off | H71: Off | I71: P | J71: P | K71: P | L71: P | M71: P | N71: Off | O71: Off | P71: P | Q71: P | R71: P | S71: P | T71: P | U71: Off | V71: Off | W71: P | X71: P | Y71: P | Z71: A | AA71: P | AB71: Off | AC71: Off | AD71: P | AE71: - | AF71: - | AH71: =(countif(B71:AG71,AH$3))+AI71+AJ71+(AL71*0.5)+(AK71*0.75) -> 20 | AI71: =countif(B71:AG71,$AI$3) -> 0 | AJ71: =countif(B71:AG71,AJ$3) -> 0 | AK71: =countif(B71:AG71,AK$3) -> 0 | AL71: =countif(B71:AG71,AL$3) -> 0 | AM71: =countif(B71:AG71,$AM$3) -> 8 | AN71: =countif(B71:AG71,AN$3) -> 0 | AO71: =(countif(B71:AL71,"A")) -> 1 | AP71: =countif(B71:AO71,AP$3) -> 0 | AQ71: =countif(B71:AP71,AQ$3) -> 0 | AR71: =SUMIF('Spiffs & Deductions'!A$3:A1005,A71,'Spiffs & Deductions'!B$3:B1005) -> 0 | AS71: =SUMIFs('Spiffs & Deductions'!B$3:B1005,'Spiffs & Deductions'!A$3:A1005,A71,'Spiffs & Deductions'!C$3:C1005,$AS$3) -> 0 | AT71: =AK71*0.25+AL71*0.5 -> 0 | AU71: =AI71*25+AJ71*50 -> 0
A72: Mustafa Adel | B72: - | C72: - | D72: - | E72: 0.27083333 | F72: 0.27083333 | G72: Off | H72: Off | I72: 0.27083333 | J72: 0.27083333 | K72: 0.27083333 | L72: 0.27083333 | M72: 0.27083333 | N72: Off | O72: Off | P72: 0.27083333 | Q72: 0.27083333 | R72: 0.27083333 | S72: 0.27083333 | T72: 0.27083333 | U72: Off | V72: Off | W72: 0.27083333 | X72: 0.27083333 | Y72: 0.26111111 | Z72: 0.24375 | AA72: 0.25 | AB72: Off | AC72: Off | AD72: 0.27083333 | AE72: - | AF72: -
A74: Month
A75: Date | B75: 46231 | C75: 46232 | D75: 46233 | E75: 46234 | F75: 46235 | G75: 46236 | H75: 46237 | I75: 46238 | J75: 46239 | K75: 46240 | L75: 46241 | M75: 46242 | N75: 46243 | O75: 46244 | P75: 46245 | Q75: 46246 | R75: 46247 | S75: 46248 | T75: 46249 | U75: 46250 | V75: 46251 | W75: 46252 | X75: 46253 | Y75: 46254 | Z75: 46255 | AA75: 46256 | AB75: 46257 | AC75: 46258 | AD75: 46259 | AE75: 46260 | AF75: 46261 | AH75: Present | AI75: Late | AK75: Off | AN75: Double paid | AO75: Absent | AP75: N.S.N.C. | AQ75: Training | AR75: Spiffs | AT75: Deductions
A76: Day | B76: =B75 -> 46231 | C76: =C75 -> 46232 | D76: =D75 -> 46233 | E76: =E75 -> 46234 | F76: =F75 -> 46235 | G76: =G75 -> 46236 | H76: =H75 -> 46237 | I76: =I75 -> 46238 | ... AF76: =AF75 -> 46261 | AH76: P | AI76: L1 | AJ76: L2 | AK76: Q | AL76: H | AM76: Off | AN76: D | AO76: A | AP76: N | AQ76: T | AR76: All | AS76: Paid
A77: Ben Arthur | B77: P | C77: P | D77: P | E77: P | F77: Off | G77: Off | H77: L1 | I77: A | J77: P | K77: P | L77: L1 | M77: Off | N77: Off | O77: L1 | P77: P | Q77: P | R77: P | S77: P | T77: Off | U77: Off | V77: P | W77: P | X77: P | Y77: P | Z77: P | AA77: Off | AB77: Off | AC77: P | AD77: P | AE77: P | AF77: P | AH77: =(countif(B77:AG77,AH$3))+AI77+AJ77+(AL77*0.5)+(AK77*0.75) -> 22 | AI77: =countif(B77:AG77,$AI$3) -> 3 | AJ77: =countif(B77:AG77,AJ$3) -> 0 | AK77: =countif(B77:AG77,AK$3) -> 0 | AL77: =countif(B77:AG77,AL$3) -> 0 | AM77: =countif(B77:AG77,$AM$3) -> 8 | AN77: =countif(B77:AG77,AN$3) -> 0 | AO77: =(countif(B77:AL77,"A")) -> 1 | AP77: =countif(B77:AO77,AP$3) -> 0 | AQ77: =countif(B77:AP77,AQ$3) -> 0 | AR77: =SUMIF('Spiffs & Deductions'!A$3:A1005,A77,'Spiffs & Deductions'!B$3:B1005) -> 0 | AS77: =SUMIFs('Spiffs & Deductions'!B$3:B1005,'Spiffs & Deductions'!A$3:A1005,A77,'Spiffs & Deductions'!C$3:C1005,$AS$3) -> 0 | AT77: =AK77*0.25+AL77*0.5 -> 0 | AU77: =AI77*25+AJ77*50 -> 75
A78: Jimmy Pearson | B78: L1 | C78: P | D78: P | E78: P | F78: Off | G78: Off | H78: P | I78: P | J78: P | K78: P | L78: A | M78: Off | N78: Off | O78: P | P78: P | Q78: P | R78: P | S78: P | T78: Off | U78: Off | V78: L1 | W78: P | X78: P | Y78: P | Z78: P | AA78: Off | AB78: Off | AC78: L2 | AD78: P | AE78: P | AF78: P | AH78: =(countif(B78:AG78,AH$3))+AI78+AJ78+(AL78*0.5)+(AK78*0.75) -> 22 | AI78: =countif(B78:AG78,$AI$3) -> 2 | AJ78: =countif(B78:AG78,AJ$3) -> 1 | AK78: =countif(B78:AG78,AK$3) -> 0 | AL78: =countif(B78:AG78,AL$3) -> 0 | AM78: =countif(B78:AG78,$AM$3) -> 8 | AN78: =countif(B78:AG78,AN$3) -> 0 | AO78: =(countif(B78:AL78,"A")) -> 1 | AP78: =countif(B78:AO78,AP$3) -> 0 | AQ78: =countif(B78:AP78,AQ$3) -> 0 | AR78: =SUMIF('Spiffs & Deductions'!A$3:A1005,A78,'Spiffs & Deductions'!B$3:B1005) -> 0 | AS78: =SUMIFs('Spiffs & Deductions'!B$3:B1005,'Spiffs & Deductions'!A$3:A1005,A78,'Spiffs & Deductions'!C$3:C1005,$AS$3) -> 0 | AT78: =AK78*0.25+AL78*0.5 -> 0 | AU78: =AI78*25+AJ78*50 -> 100
A79: Kaity James | B79: P | C79: P | D79: P | E79: P | F79: Off | G79: Off | H79: P | I79: P | J79: P | K79: P | L79: P | M79: Off | N79: Off | O79: P | P79: P | Q79: A | R79: A | S79: A | T79: Off | U79: Off | V79: P | W79: P | X79: P | Y79: P | Z79: P | AA79: Off | AB79: Off | AC79: P | AD79: P | AE79: P | AF79: P | AH79: =(countif(B79:AG79,AH$3))+AI79+AJ79+(AL79*0.5)+(AK79*0.75) -> 20 | AI79: =countif(B79:AG79,$AI$3) -> 0 | AJ79: =countif(B79:AG79,AJ$3) -> 0 | AK79: =countif(B79:AG79,AK$3) -> 0 | AL79: =countif(B79:AG79,AL$3) -> 0 | AM79: =countif(B79:AG79,$AM$3) -> 8 | AN79: =countif(B79:AG79,AN$3) -> 0 | AO79: =(countif(B79:AL79,"A")) -> 3 | AP79: =countif(B79:AO79,AP$3) -> 0 | AQ79: =countif(B79:AP79,AQ$3) -> 0 | AR79: =SUMIF('Spiffs & Deductions'!A$3:A1005,A79,'Spiffs & Deductions'!B$3:B1005) -> 0 | AS79: =SUMIFs('Spiffs & Deductions'!B$3:B1005,'Spiffs & Deductions'!A$3:A1005,A79,'Spiffs & Deductions'!C$3:C1005,$AS$3) -> 0 | AT79: =AK79*0.25+AL79*0.5 -> 0 | AU79: =AI79*25+AJ79*50 -> 0
A80: Selene Myles | B80: P | C80: P | D80: P | E80: P | F80: Off | G80: Off | H80: P | I80: P | J80: P | K80: P | L80: P | M80: Off | N80: Off | O80: P | P80: P | Q80: P | R80: P | S80: P | T80: Off | U80: Off | V80: P | W80: P | X80: P | Y80: P | Z80: P | AA80: Off | AB80: Off | AC80: P | AD80: P | AE80: P | AF80: P | AH80: =(countif(B80:AG80,AH$3))+AI80+AJ80+(AL80*0.5)+(AK80*0.75) -> 23 | AI80: =countif(B80:AG80,$AI$3) -> 0 | AJ80: =countif(B80:AG80,AJ$3) -> 0 | AK80: =countif(B80:AG80,AK$3) -> 0 | AL80: =countif(B80:AG80,AL$3) -> 0 | AM80: =countif(B80:AG80,$AM$3) -> 8 | AN80: =countif(B80:AG80,AN$3) -> 0 | AO80: =(countif(B80:AL80,"A")) -> 0 | AP80: =countif(B80:AO80,AP$3) -> 0 | AQ80: =countif(B80:AP80,AQ$3) -> 0 | AR80: =SUMIF('Spiffs & Deductions'!A$3:A1005,A80,'Spiffs & Deductions'!B$3:B1005) -> 0 | AS80: =SUMIFs('Spiffs & Deductions'!B$3:B1005,'Spiffs & Deductions'!A$3:A1005,A80,'Spiffs & Deductions'!C$3:C1005,$AS$3) -> 0 | AT80: =AK80*0.25+AL80*0.5 -> 0 | AU80: =AI80*25+AJ80*50 -> 0
A81: Jasmine Green | B81: P | C81: P | D81: P | E81: P | F81: Off | G81: Off | H81: P | I81: P | J81: P | K81: P | L81: P | M81: Off | N81: Off | O81: P | P81: P | Q81: Q | R81: A | S81: A | T81: Off | U81: Off | V81: P | W81: P | X81: P | Y81: P | Z81: P | AA81: Off | AB81: Off | AC81: P | AD81: P | AE81: P | AF81: P | AH81: =(countif(B81:AG81,AH$3))+AI81+AJ81+(AL81*0.5)+(AK81*0.75) -> 20.75 | AI81: =countif(B81:AG81,$AI$3) -> 0 | AJ81: =countif(B81:AG81,AJ$3) -> 0 | AK81: =countif(B81:AG81,AK$3) -> 1 | AL81: =countif(B81:AG81,AL$3) -> 0 | AM81: =countif(B81:AG81,$AM$3) -> 8 | AN81: =countif(B81:AG81,AN$3) -> 0 | AO81: =(countif(B81:AL81,"A")) -> 2 | AP81: =countif(B81:AO81,AP$3) -> 0 | AQ81: =countif(B81:AP81,AQ$3) -> 0 | AR81: =SUMIF('Spiffs & Deductions'!A$3:A1005,A81,'Spiffs & Deductions'!B$3:B1005) -> 0 | AS81: =SUMIFs('Spiffs & Deductions'!B$3:B1005,'Spiffs & Deductions'!A$3:A1005,A81,'Spiffs & Deductions'!C$3:C1005,$AS$3) -> 0 | AT81: =AK81*0.25+AL81*0.5 -> 0.25 | AU81: =AI81*25+AJ81*50 -> 0
A82: Caroline Richards | B82: H | C82: L1 | D82: H | E82: P | F82: Off | G82: Off | H82: P | I82: P | J82: P | K82: P | L82: L1 | M82: Off | N82: Off | O82: P | P82: P | Q82: P | R82: P | S82: - | T82: - | U82: - | V82: - | W82: - | X82: - | Y82: - | Z82: - | AA82: Off | AB82: Off | AC82: - | AD82: - | AE82: - | AF82: - | AH82: =(countif(B82:AG82,AH$3))+AI82+AJ82+(AL82*0.5)+(AK82*0.75) -> 12 | AI82: =countif(B82:AG82,$AI$3) -> 2 | AJ82: =countif(B82:AG82,AJ$3) -> 0 | AK82: =countif(B82:AG82,AK$3) -> 0 | AL82: =countif(B82:AG82,AL$3) -> 2 | AM82: =countif(B82:AG82,$AM$3) -> 6 | AN82: =countif(B82:AG82,AN$3) -> 0 | AO82: =(countif(B82:AL82,"A")) -> 0 | AP82: =countif(B82:AO82,AP$3) -> 0 | AQ82: =countif(B82:AP82,AQ$3) -> 0 | AR82: =SUMIF('Spiffs & Deductions'!A$3:A1005,A82,'Spiffs & Deductions'!B$3:B1005) -> 0 | AS82: =SUMIFs('Spiffs & Deductions'!B$3:B1005,'Spiffs & Deductions'!A$3:A1005,A82,'Spiffs & Deductions'!C$3:C1005,$AS$3) -> 0 | AT82: =AK82*0.25+AL82*0.5 -> 1 | AU82: =AI82*25+AJ82*50 -> 50
A83: Rick Nelson | B83: P | C83: P | D83: P | E83: P | F83: Off | G83: Off | H83: P | I83: P | J83: P | K83: P | L83: P | M83: Off | N83: Off | O83: P | P83: P | Q83: Q | R83: P | S83: A | T83: Off | U83: Off | V83: P | W83: P | X83: P | Y83: P | Z83: P | AA83: Off | AB83: Off | AC83: P | AD83: P | AE83: P | AF83: L1 | AH83: =(countif(B83:AG83,AH$3))+AI83+AJ83+(AL83*0.5)+(AK83*0.75) -> 21.75 | AI83: =countif(B83:AG83,$AI$3) -> 1 | AJ83: =countif(B83:AG83,AJ$3) -> 0 | AK83: =countif(B83:AG83,AK$3) -> 1 | AL83: =countif(B83:AG83,AL$3) -> 0 | AM83: =countif(B83:AG83,$AM$3) -> 8 | AN83: =countif(B83:AG83,AN$3) -> 0 | AO83: =(countif(B83:AL83,"A")) -> 1 | AP83: =countif(B83:AO83,AP$3) -> 0 | AQ83: =countif(B83:AP83,AQ$3) -> 0 | AR83: =SUMIF('Spiffs & Deductions'!A$3:A1005,A83,'Spiffs & Deductions'!B$3:B1005) -> 0 | AS83: =SUMIFs('Spiffs & Deductions'!B$3:B1005,'Spiffs & Deductions'!A$3:A1005,A83,'Spiffs & Deductions'!C$3:C1005,$AS$3) -> 0 | AT83: =AK83*0.25+AL83*0.5 -> 0.25 | AU83: =AI83*25+AJ83*50 -> 25
A84: Nora Atkins | B84: P | C84: P | D84: P | E84: P | F84: Off | G84: Off | H84: P | I84: P | J84: P | K84: P | L84: P | M84: Off | N84: Off | O84: P | P84: P | Q84: P | R84: P | S84: P | T84: Off | U84: Off | V84: P | W84: P | X84: P | Y84: P | Z84: P | AA84: Off | AB84: Off | AC84: P | AD84: P | AE84: P | AF84: P | AH84: =(countif(B84:AG84,AH$3))+AI84+AJ84+(AL84*0.5)+(AK84*0.75) -> 23 | AI84: =countif(B84:AG84,$AI$3) -> 0 | AJ84: =countif(B84:AG84,AJ$3) -> 0 | AK84: =countif(B84:AG84,AK$3) -> 0 | AL84: =countif(B84:AG84,AL$3) -> 0 | AM84: =countif(B84:AG84,$AM$3) -> 8 | AN84: =countif(B84:AG84,AN$3) -> 0 | AO84: =(countif(B84:AL84,"A")) -> 0 | AP84: =countif(B84:AO84,AP$3) -> 0 | AQ84: =countif(B84:AP84,AQ$3) -> 0 | AR84: =SUMIF('Spiffs & Deductions'!A$3:A1005,A84,'Spiffs & Deductions'!B$3:B1005) -> 0 | AS84: =SUMIFs('Spiffs & Deductions'!B$3:B1005,'Spiffs & Deductions'!A$3:A1005,A84,'Spiffs & Deductions'!C$3:C1005,$AS$3) -> 0 | AT84: =AK84*0.25+AL84*0.5 -> 0 | AU84: =AI84*25+AJ84*50 -> 0
A85: Mustafa Adel | B85: 0.27083333 | C85: 0.26180556 | D85: A | E85: A | F85: Off | G85: Off | H85: 0.25347222 | I85: 0.26388889 | J85: 0.26458333 | K85: 0.25 | L85: 0.26388889 | M85: Off | N85: Off | O85: 0.26388889 | P85: 0.22916667 | Q85: 0.26805556 | R85: 0.27083333 | S85: 0.25 | T85: Off | U85: Off | V85: 0.26736111 | W85: 0.27083333 | X85: 0.25347222 | Y85: 0.25277778 | Z85: 0.24583333 | AA85: Off | AB85: Off | AC85: 0.27083333 | AD85: 0.26388889 | AE85: 0.27083333 | AF85: 0.27083333
A87: Month
A88: Date | B88: 46262 | C88: 46263 | D88: 46264 | E88: 46265 | F88: 46266 | G88: 46267 | H88: 46268 | I88: 46269 | J88: 46270 | K88: 46271 | L88: 46272 | M88: 46273 | N88: 46274 | O88: 46275 | P88: 46276 | Q88: 46277 | R88: 46278 | S88: 46279 | T88: 46280 | U88: 46281 | V88: 46282 | W88: 46283 | X88: 46284 | Y88: 46285 | Z88: 46286 | AA88: 46287 | AB88: 46288 | AC88: 46289 | AD88: 46290 | AE88: 46291 | AF88: 46292 | AH88: Present | AI88: Late | AK88: Off | AN88: Double paid | AO88: Absent | AP88: N.S.N.C. | AQ88: Training | AR88: Spiffs | AT88: Deductions
A89: Day | B89: =B88 -> 46262 | C89: =C88 -> 46263 | D89: =D88 -> 46264 | E89: =E88 -> 46265 | F89: =F88 -> 46266 | G89: =G88 -> 46267 | H89: =H88 -> 46268 | I89: =I88 -> 46269 | ... AF89: =AF88 -> 46292 | AH89: P | AI89: L1 | AJ89: L2 | AK89: Q | AL89: H | AM89: Off | AN89: D | AO89: A | AP89: N | AQ89: T | AR89: All | AS89: Paid
A90: Ben Arthur | B90: P | C90: Off | D90: Off | E90: P | F90: P | G90: P | H90: L1 | I90: P | J90: Off | K90: Off | L90: Off | M90: P | N90: L1 | O90: P | P90: L1 | Q90: Off | R90: Off | S90: L1 | T90: P | U90: P | V90: P | W90: P | X90: Off | Y90: Off | Z90: P | AE90: Off | AF90: Off | AH90: =(countif(B90:AG90,AH$3))+AI90+AJ90+(AL90*0.5)+(AK90*0.75) -> 16 | AI90: =countif(B90:AG90,$AI$3) -> 4 | AJ90: =countif(B90:AG90,AJ$3) -> 0 | AK90: =countif(B90:AG90,AK$3) -> 0 | AL90: =countif(B90:AG90,AL$3) -> 0 | AM90: =countif(B90:AG90,$AM$3) -> 11 | AN90: =countif(B90:AG90,AN$3) -> 0 | AO90: =(countif(B90:AL90,"A")) -> 0 | AP90: =countif(B90:AO90,AP$3) -> 0 | AQ90: =countif(B90:AP90,AQ$3) -> 0 | AR90: =SUMIF('Spiffs & Deductions'!A$3:A1005,A90,'Spiffs & Deductions'!B$3:B1005) -> 0 | AS90: =SUMIFs('Spiffs & Deductions'!B$3:B1005,'Spiffs & Deductions'!A$3:A1005,A90,'Spiffs & Deductions'!C$3:C1005,$AS$3) -> 0 | AT90: =AK90*0.25+AL90*0.5 -> 0 | AU90: =AI90*25+AJ90*50 -> 100
A91: Jimmy Pearson | B91: - | C91: Off | D91: Off | E91: - | F91: - | G91: - | H91: - | I91: - | J91: Off | K91: Off | L91: - | M91: - | N91: - | O91: - | P91: - | Q91: Off | R91: Off | S91: - | T91: - | U91: - | V91: - | W91: - | X91: Off | Y91: Off | Z91: - | AE91: Off | AF91: Off | AH91: =(countif(B91:AG91,AH$3))+AI91+AJ91+(AL91*0.5)+(AK91*0.75) -> 0 | AI91: =countif(B91:AG91,$AI$3) -> 0 | AJ91: =countif(B91:AG91,AJ$3) -> 0 | AK91: =countif(B91:AG91,AK$3) -> 0 | AL91: =countif(B91:AG91,AL$3) -> 0 | AM91: =countif(B91:AG91,$AM$3) -> 10 | AN91: =countif(B91:AG91,AN$3) -> 0 | AO91: =(countif(B91:AL91,"A")) -> 0 | AP91: =countif(B91:AO91,AP$3) -> 0 | AQ91: =countif(B91:AP91,AQ$3) -> 0 | AR91: =SUMIF('Spiffs & Deductions'!A$3:A1005,A91,'Spiffs & Deductions'!B$3:B1005) -> 0 | AS91: =SUMIFs('Spiffs & Deductions'!B$3:B1005,'Spiffs & Deductions'!A$3:A1005,A91,'Spiffs & Deductions'!C$3:C1005,$AS$3) -> 0 | AT91: =AK91*0.25+AL91*0.5 -> 0 | AU91: =AI91*25+AJ91*50 -> 0
A92: Kaity James (Part-time) | B92: P | C92: Off | D92: Off | E92: P | F92: L2 | G92: P | H92: A | I92: P | J92: Off | K92: Off | L92: Off | M92: P | N92: P | O92: P | P92: P | Q92: Off | R92: Off | S92: P | T92: P | U92: P | V92: P | W92: P | X92: Off | Y92: Off | Z92: P | AE92: Off | AF92: Off | AH92: =(countif(B92:AG92,AH$3))+AI92+AJ92+(AL92*0.5)+(AK92*0.75) -> 15 | AI92: =countif(B92:AG92,$AI$3) -> 0 | AJ92: =countif(B92:AG92,AJ$3) -> 1 | AK92: =countif(B92:AG92,AK$3) -> 0 | AL92: =countif(B92:AG92,AL$3) -> 0 | AM92: =countif(B92:AG92,$AM$3) -> 11 | AN92: =countif(B92:AG92,AN$3) -> 0 | AO92: =(countif(B92:AL92,"A")) -> 1 | AP92: =countif(B92:AO92,AP$3) -> 0 | AQ92: =countif(B92:AP92,AQ$3) -> 0 | AR92: =SUMIF('Spiffs & Deductions'!A$3:A1005,A92,'Spiffs & Deductions'!B$3:B1005) -> 0 | AS92: =SUMIFs('Spiffs & Deductions'!B$3:B1005,'Spiffs & Deductions'!A$3:A1005,A92,'Spiffs & Deductions'!C$3:C1005,$AS$3) -> 0 | AT92: =AK92*0.25+AL92*0.5 -> 0 | AU92: =AI92*25+AJ92*50 -> 50
A93: Selene Myles | B93: P | C93: Off | D93: Off | E93: P | F93: P | G93: P | H93: P | I93: P | J93: Off | K93: Off | L93: Off | M93: P | N93: P | O93: P | P93: P | Q93: Off | R93: Off | S93: P | T93: P | U93: P | V93: P | W93: P | X93: Off | Y93: Off | Z93: P | AE93: Off | AF93: Off | AH93: =(countif(B93:AG93,AH$3))+AI93+AJ93+(AL93*0.5)+(AK93*0.75) -> 16 | AI93: =countif(B93:AG93,$AI$3) -> 0 | AJ93: =countif(B93:AG93,AJ$3) -> 0 | AK93: =countif(B93:AG93,AK$3) -> 0 | AL93: =countif(B93:AG93,AL$3) -> 0 | AM93: =countif(B93:AG93,$AM$3) -> 11 | AN93: =countif(B93:AG93,AN$3) -> 0 | AO93: =(countif(B93:AL93,"A")) -> 0 | AP93: =countif(B93:AO93,AP$3) -> 0 | AQ93: =countif(B93:AP93,AQ$3) -> 0 | AR93: =SUMIF('Spiffs & Deductions'!A$3:A1005,A93,'Spiffs & Deductions'!B$3:B1005) -> 0 | AS93: =SUMIFs('Spiffs & Deductions'!B$3:B1005,'Spiffs & Deductions'!A$3:A1005,A93,'Spiffs & Deductions'!C$3:C1005,$AS$3) -> 0 | AT93: =AK93*0.25+AL93*0.5 -> 0 | AU93: =AI93*25+AJ93*50 -> 0
A94: Jasmine Green | B94: P | C94: Off | D94: Off | E94: P | F94: H | G94: P | H94: P | I94: A | J94: Off | K94: Off | L94: Off | M94: P | N94: P | O94: P | P94: P | Q94: Off | R94: Off | S94: P | T94: P | U94: P | V94: P | W94: A | X94: Off | Y94: Off | Z94: P | AE94: Off | AF94: Off | AH94: =(countif(B94:AG94,AH$3))+AI94+AJ94+(AL94*0.5)+(AK94*0.75) -> 13.5 | AI94: =countif(B94:AG94,$AI$3) -> 0 | AJ94: =countif(B94:AG94,AJ$3) -> 0 | AK94: =countif(B94:AG94,AK$3) -> 0 | AL94: =countif(B94:AG94,AL$3) -> 1 | AM94: =countif(B94:AG94,$AM$3) -> 11 | AN94: =countif(B94:AG94,AN$3) -> 0 | AO94: =(countif(B94:AL94,"A")) -> 2 | AP94: =countif(B94:AO94,AP$3) -> 0 | AQ94: =countif(B94:AP94,AQ$3) -> 0 | AR94: =SUMIF('Spiffs & Deductions'!A$3:A1005,A94,'Spiffs & Deductions'!B$3:B1005) -> 0 | AS94: =SUMIFs('Spiffs & Deductions'!B$3:B1005,'Spiffs & Deductions'!A$3:A1005,A94,'Spiffs & Deductions'!C$3:C1005,$AS$3) -> 0 | AT94: =AK94*0.25+AL94*0.5 -> 0.5 | AU94: =AI94*25+AJ94*50 -> 0
A95: Nora Atkins | B95: P | C95: Off | D95: Off | E95: P | F95: P | G95: P | H95: P | I95: A | J95: Off | K95: Off | L95: Off | M95: P | N95: P | O95: P | P95: P | Q95: Off | R95: Off | S95: P | T95: P | U95: P | V95: P | W95: P | X95: Off | Y95: Off | Z95: L2 | AE95: Off | AF95: Off | AH95: =(countif(B95:AG95,AH$3))+AI95+AJ95+(AL95*0.5)+(AK95*0.75) -> 15 | AI95: =countif(B95:AG95,$AI$3) -> 0 | AJ95: =countif(B95:AG95,AJ$3) -> 1 | AK95: =countif(B95:AG95,AK$3) -> 0 | AL95: =countif(B95:AG95,AL$3) -> 0 | AM95: =countif(B95:AG95,$AM$3) -> 11 | AN95: =countif(B95:AG95,AN$3) -> 0 | AO95: =(countif(B95:AL95,"A")) -> 1 | AP95: =countif(B95:AO95,AP$3) -> 0 | AQ95: =countif(B95:AP95,AQ$3) -> 0 | AR95: =SUMIF('Spiffs & Deductions'!A$3:A1005,A95,'Spiffs & Deductions'!B$3:B1005) -> 0 | AS95: =SUMIFs('Spiffs & Deductions'!B$3:B1005,'Spiffs & Deductions'!A$3:A1005,A95,'Spiffs & Deductions'!C$3:C1005,$AS$3) -> 0 | AT95: =AK95*0.25+AL95*0.5 -> 0 | AU95: =AI95*25+AJ95*50 -> 50
A96: Rick Nelson | B96: H | C96: Off | D96: Off | E96: H | F96: P | G96: P | H96: L1 | I96: P | J96: Off | K96: Off | L96: Off | M96: P | N96: P | O96: L1 | P96: P | Q96: Off | R96: Off | S96: P | T96: P | U96: P | V96: Q | W96: L1 | X96: Off | Y96: Off | Z96: P | AE96: Off | AF96: Off | AH96: =(countif(B96:AG96,AH$3))+AI96+AJ96+(AL96*0.5)+(AK96*0.75) -> 14.75 | AI96: =countif(B96:AG96,$AI$3) -> 3 | AJ96: =countif(B96:AG96,AJ$3) -> 0 | AK96: =countif(B96:AG96,AK$3) -> 1 | AL96: =countif(B96:AG96,AL$3) -> 2 | AM96: =countif(B96:AG96,$AM$3) -> 11 | AN96: =countif(B96:AG96,AN$3) -> 0 | AO96: =(countif(B96:AL96,"A")) -> 0 | AP96: =countif(B96:AO96,AP$3) -> 0 | AQ96: =countif(B96:AP96,AQ$3) -> 0 | AR96: =SUMIF('Spiffs & Deductions'!A$3:A1005,A96,'Spiffs & Deductions'!B$3:B1005) -> 0 | AS96: =SUMIFs('Spiffs & Deductions'!B$3:B1005,'Spiffs & Deductions'!A$3:A1005,A96,'Spiffs & Deductions'!C$3:C1005,$AS$3) -> 0 | AT96: =AK96*0.25+AL96*0.5 -> 1.25 | AU96: =AI96*25+AJ96*50 -> 75
A97: Mustafa Adel | B97: 0.73611111 | C97: Off | D97: Off | E97: 0.25 | F97: 0.26041667 | J97: Off | K97: Off | L97: 6;30 | M97: 0.27083333 | N97: 0.27083333 | O97: 0.27083333 | P97: 0.25 | Q97: Off | R97: Off | S97: 0.26388889 | T97: 0.27083333 | U97: 0.27777778 | V97: 0.25 | W97: 0.22708333 | X97: Off | Y97: Off | AE97: Off | AF97: Off

Sheet Key
A1: ATTENDANCE KEY
A2: P | B2: Present
A3: L1 | B3: Late (Deduction 25)
A4: L2 | B4: Late (Deduction 50)
A5: Q | B5: Quarter day deduction (3/4 day Present)
A6: H | B6: Half day
A7: A | B7: Excused Absence
A8: N | B8: No Show No call (unexcused absence)
A9: D | B9: Double paid
A10: T | B10: Training
A11: - | B11: Unemployed (before/after employment)
A12: Off | B12: Off (week-ends/holidays)

Sheet Spiffs & Deductions
A1: Spiffs | H1: Deductions
A2: Agent Name | B2: Amount | C2: Paid / Unpaid | D2: Description | E2: Date | H2: Agent Name | I2: Amount | J2: Description | K2: Date
A17: =Workforce!A15
A18: =Workforce!A16
A19: =Workforce!A17
A20: =Workforce!A18
